order_id,order_date,origin,destination,carrier,weight,volume,requested_delivery_date,actual_delivery_date,lead_time_days
1,2023-09-15,FactoryC,DC1,CarrierZ,166.12,1.704,2023-09-21,2023-09-25,10
2,2023-12-12,FactoryB,DC2,CarrierY,72.92,0.421,2023-12-18,2023-12-29,17
3,2023-08-18,FactoryB,DC2,CarrierZ,140.2,1.34,2023-09-01,2023-09-03,16
4,2023-12-20,FactoryD,DC2,CarrierX,162.94,0.785,2024-01-01,2024-01-08,19
5,2023-10-23,FactoryC,DC4,CarrierZ,80.28,0.36,2023-11-01,2023-11-11,19
6,2023-01-26,FactoryC,DC1,CarrierY,44.59,0.669,2023-02-01,2023-02-06,11
7,2023-02-13,FactoryA,DC3,CarrierZ,46.19,0.205,2023-02-24,2023-03-04,19
8,2023-05-03,FactoryB,DC5,CarrierY,56.36,0.459,2023-05-17,2023-05-27,24
9,2023-05-29,FactoryD,DC3,CarrierX,90.91,0.786,2023-06-09,2023-06-15,17
10,2023-05-29,FactoryD,DC4,CarrierX,51.18,0.86,2023-06-02,2023-06-12,14
11,2023-03-18,FactoryB,DC2,CarrierZ,168.44,1.972,2023-03-26,2023-04-02,15
12,2023-02-02,FactoryB,DC4,CarrierW,26.95,0.211,2023-02-10,2023-02-18,16
13,2023-11-16,FactoryC,DC1,CarrierY,56.8,0.193,2023-11-26,2023-12-06,20
14,2022-12-13,FactoryB,DC5,CarrierY,59.12,0.656,2022-12-19,2022-12-29,16
15,2023-10-10,FactoryC,DC4,CarrierY,6.5,0.084,2023-10-20,2023-10-29,19
16,2022-12-30,FactoryD,DC5,CarrierY,61.21,0.241,2023-01-15,2023-01-25,26
17,2023-11-27,FactoryA,DC1,CarrierX,77.59,0.639,2023-12-04,2023-12-18,21
18,2022-10-29,FactoryB,DC5,CarrierY,15.16,0.156,2022-11-06,2022-11-08,10
19,2022-11-13,FactoryD,DC2,CarrierZ,107.13,0.604,2022-11-22,2022-12-01,18
20,2022-07-22,FactoryB,DC3,CarrierX,98.86,1.398,2022-07-28,2022-08-05,14
21,2023-07-15,FactoryA,DC3,CarrierX,134.19,0.501,2023-07-22,2023-07-29,14
22,2022-01-16,FactoryB,DC4,CarrierW,71.99,0.322,2022-01-22,2022-01-27,11
23,2023-03-19,FactoryD,DC5,CarrierY,41.8,0.14,2023-03-23,2023-04-02,14
24,2023-04-26,FactoryA,DC4,CarrierY,1.43,0.006,2023-05-11,2023-05-19,23
25,2023-11-28,FactoryD,DC3,CarrierX,69.51,0.343,2023-12-05,2023-12-09,11
26,2022-01-12,FactoryC,DC4,CarrierY,82.49,0.415,2022-01-26,2022-02-02,21
27,2023-05-30,FactoryC,DC1,CarrierX,181.21,1.226,2023-06-08,2023-06-15,16
28,2022-01-27,FactoryA,DC3,CarrierX,190.21,1.579,2022-02-05,2022-02-10,14
29,2023-11-30,FactoryA,DC3,CarrierX,143.6,0.917,2023-12-08,2023-12-17,17
30,2023-07-27,FactoryA,DC1,CarrierY,113.41,0.479,2023-08-13,2023-08-22,26
31,2022-12-14,FactoryD,DC1,CarrierY,10.96,0.153,2022-12-27,2022-12-30,16
32,2022-11-10,FactoryB,DC5,CarrierZ,182.5,1.325,2022-11-28,2022-12-09,29
33,2022-10-12,FactoryB,DC1,CarrierY,53.74,0.317,2022-10-30,2022-11-09,28
34,2022-04-20,FactoryA,DC2,CarrierY,64.05,0.374,2022-04-23,2022-05-04,14
35,2022-03-17,FactoryC,DC4,CarrierX,57.9,0.194,2022-03-25,2022-03-27,10
36,2023-01-11,FactoryC,DC3,CarrierX,172.55,1.607,2023-01-26,2023-02-09,29
37,2023-01-17,FactoryA,DC2,CarrierW,189.31,0.671,2023-02-03,2023-02-06,20
38,2023-01-06,FactoryB,DC5,CarrierX,34.81,0.165,2023-01-11,2023-01-18,12
39,2022-05-15,FactoryA,DC5,CarrierX,7.8,0.045,2022-05-23,2022-05-25,10
40,2022-03-28,FactoryB,DC2,CarrierZ,129.81,0.785,2022-04-05,2022-04-17,20
41,2023-12-14,FactoryD,DC3,CarrierZ,40.55,0.158,2024-01-01,2024-01-11,28
42,2022-12-16,FactoryC,DC5,CarrierZ,133.66,0.721,2022-12-23,2022-12-27,11
43,2022-12-31,FactoryD,DC1,CarrierX,23.11,0.092,2023-01-11,2023-01-17,17
44,2023-03-07,FactoryC,DC3,CarrierY,184.77,0.897,2023-03-14,2023-03-24,17
45,2022-06-28,FactoryB,DC4,CarrierY,167.14,0.595,2022-07-11,2022-07-13,15
46,2022-04-11,FactoryC,DC3,CarrierY,41.45,0.248,2022-04-24,2022-05-01,20
47,2023-11-30,FactoryD,DC2,CarrierY,89.15,0.659,2023-12-09,2023-12-12,12
48,2022-03-19,FactoryA,DC3,CarrierY,168.81,1.178,2022-03-31,2022-04-07,19
49,2022-01-08,FactoryD,DC5,CarrierZ,157.36,0.795,2022-01-12,2022-01-22,14
50,2022-11-19,FactoryC,DC2,CarrierX,30.93,0.143,2022-12-07,2022-12-17,28
51,2023-12-13,FactoryD,DC4,CarrierX,154.98,2.698,2023-12-26,2024-01-04,22
52,2022-06-27,FactoryA,DC3,CarrierZ,136.77,0.533,2022-07-08,2022-07-17,20
53,2023-07-14,FactoryB,DC4,CarrierZ,76.15,0.254,2023-07-26,2023-07-29,15
54,2023-04-30,FactoryD,DC5,CarrierX,46.02,0.337,2023-05-10,2023-05-14,14
55,2023-06-17,FactoryA,DC5,CarrierY,115.6,1.806,2023-06-28,2023-06-30,13
56,2023-06-12,FactoryA,DC3,CarrierW,176.0,2.033,2023-06-23,2023-06-29,17
57,2022-05-22,FactoryB,DC4,CarrierX,160.77,1.431,2022-05-27,2022-06-02,11
58,2022-11-19,FactoryC,DC5,CarrierZ,40.21,0.538,2022-11-24,2022-12-03,14
59,2023-01-23,FactoryB,DC2,CarrierY,96.97,1.901,2023-02-02,2023-02-05,13
60,2022-02-01,FactoryB,DC2,CarrierX,198.25,0.909,2022-02-09,2022-02-23,22
61,2022-11-08,FactoryD,DC4,CarrierX,146.28,0.768,2022-11-27,2022-12-03,25
62,2022-05-28,FactoryB,DC2,CarrierY,165.37,0.997,2022-06-05,2022-06-18,21
63,2022-04-18,FactoryA,DC5,CarrierX,192.07,1.455,2022-04-30,2022-05-08,20
64,2023-04-26,FactoryD,DC5,CarrierZ,89.74,0.406,2023-05-10,2023-05-19,23
65,2023-09-16,FactoryA,DC5,CarrierX,57.18,0.212,2023-09-24,2023-10-04,18
66,2022-05-08,FactoryA,DC1,CarrierX,23.96,0.089,2022-05-15,2022-05-21,13
67,2022-05-19,FactoryA,DC4,CarrierZ,158.48,0.541,2022-05-29,2022-06-08,20
68,2023-05-21,FactoryB,DC1,CarrierZ,52.06,0.442,2023-05-31,2023-06-10,20
69,2023-09-22,FactoryD,DC1,CarrierX,160.85,0.935,2023-10-05,2023-10-13,21
70,2022-07-05,FactoryD,DC4,CarrierZ,140.41,1.291,2022-07-14,2022-07-25,20
71,2023-01-28,FactoryD,DC5,CarrierX,92.22,0.855,2023-02-15,2023-02-19,22
72,2022-05-05,FactoryC,DC2,CarrierX,118.39,0.67,2022-05-18,2022-05-23,18
73,2023-03-10,FactoryD,DC2,CarrierY,158.67,0.584,2023-03-19,2023-03-26,16
74,2022-01-13,FactoryA,DC5,CarrierY,107.78,0.475,2022-01-31,2022-02-06,24
75,2022-10-15,FactoryB,DC2,CarrierW,124.82,0.795,2022-10-21,2022-10-25,10
76,2022-11-12,FactoryB,DC2,CarrierX,94.41,0.336,2022-11-23,2022-11-26,14
77,2022-11-19,FactoryD,DC4,CarrierX,62.77,0.785,2022-11-28,2022-12-01,12
78,2022-10-15,FactoryA,DC5,CarrierZ,72.6,1.198,2022-10-24,2022-10-30,15
79,2022-08-24,FactoryC,DC2,CarrierW,136.34,1.029,2022-08-31,2022-09-09,16
80,2022-02-04,FactoryC,DC5,CarrierY,160.33,0.634,2022-02-11,2022-02-18,14
81,2023-01-30,FactoryB,DC4,CarrierY,74.4,0.605,2023-02-12,2023-02-16,17
82,2022-11-10,FactoryC,DC4,CarrierZ,156.95,2.141,2022-11-21,2022-11-29,19
83,2022-01-25,FactoryA,DC2,CarrierZ,189.43,0.924,2022-01-30,2022-02-02,8
84,2022-02-27,FactoryB,DC2,CarrierY,159.26,0.745,2022-03-10,2022-03-14,15
85,2023-05-28,FactoryA,DC4,CarrierX,197.24,1.139,2023-06-13,2023-06-16,19
86,2022-10-06,FactoryA,DC2,CarrierY,3.98,0.072,2022-10-22,2022-10-29,23
87,2022-09-29,FactoryC,DC2,CarrierZ,8.43,0.031,2022-10-15,2022-10-19,20
88,2022-12-01,FactoryD,DC3,CarrierX,117.94,0.399,2022-12-07,2022-12-09,8
89,2022-06-08,FactoryA,DC3,CarrierX,165.49,0.821,2022-06-16,2022-06-25,17
90,2023-07-18,FactoryD,DC5,CarrierX,119.72,0.923,2023-07-30,2023-08-06,19
91,2022-11-26,FactoryB,DC3,CarrierY,91.22,0.366,2022-12-10,2022-12-18,22
92,2022-08-17,FactoryD,DC5,CarrierX,149.07,0.537,2022-08-23,2022-08-31,14
93,2023-01-24,FactoryD,DC4,CarrierX,122.05,0.508,2023-02-05,2023-02-08,15
94,2022-03-19,FactoryC,DC5,CarrierY,83.02,0.459,2022-03-29,2022-04-08,20
95,2022-02-26,FactoryC,DC5,CarrierX,147.7,0.556,2022-03-08,2022-03-13,15
96,2023-01-08,FactoryB,DC5,CarrierZ,137.77,1.223,2023-01-18,2023-01-22,14
97,2022-07-05,FactoryB,DC4,CarrierY,11.21,0.11,2022-07-10,2022-07-12,7
98,2023-04-18,FactoryD,DC5,CarrierX,93.03,0.673,2023-04-24,2023-05-04,16
99,2023-03-12,FactoryC,DC2,CarrierX,190.89,1.81,2023-03-18,2023-03-28,16
100,2023-10-09,FactoryB,DC3,CarrierX,60.64,0.22,2023-10-24,2023-11-03,25
101,2022-12-27,FactoryA,DC2,CarrierX,151.78,0.522,2023-01-08,2023-01-15,19
102,2022-08-08,FactoryA,DC4,CarrierZ,30.28,0.147,2022-08-24,2022-09-01,24
103,2022-11-01,FactoryD,DC5,CarrierX,187.63,0.961,2022-11-14,2022-11-22,21
104,2023-11-15,FactoryC,DC5,CarrierZ,23.09,0.231,2023-11-24,2023-12-02,17
105,2022-02-27,FactoryD,DC2,CarrierX,85.5,1.131,2022-03-10,2022-03-24,25
106,2022-02-15,FactoryA,DC2,CarrierX,42.13,0.418,2022-02-27,2022-03-07,20
107,2022-02-24,FactoryB,DC3,CarrierY,26.65,0.11,2022-03-11,2022-03-15,19
108,2022-11-29,FactoryC,DC4,CarrierX,87.34,0.372,2022-12-18,2022-12-28,29
109,2023-12-06,FactoryC,DC2,CarrierZ,144.74,0.504,2023-12-10,2023-12-13,7
110,2023-11-18,FactoryA,DC5,CarrierX,147.86,0.559,2023-11-27,2023-11-29,11
111,2023-10-27,FactoryD,DC1,CarrierW,7.38,0.089,2023-11-12,2023-11-22,26
112,2022-06-03,FactoryB,DC4,CarrierZ,121.82,1.294,2022-06-20,2022-06-24,21
113,2023-02-05,FactoryA,DC2,CarrierX,38.16,0.337,2023-02-16,2023-02-21,16
114,2022-07-16,FactoryC,DC1,CarrierX,35.07,0.136,2022-07-20,2022-07-27,11
115,2023-04-19,FactoryC,DC1,CarrierY,5.68,0.02,2023-04-26,2023-05-02,13
116,2023-04-24,FactoryC,DC3,CarrierZ,57.29,0.251,2023-05-07,2023-05-09,15
117,2022-01-15,FactoryD,DC1,CarrierX,65.89,0.256,2022-01-27,2022-01-30,15
118,2023-05-23,FactoryD,DC4,CarrierX,110.37,0.7,2023-06-03,2023-06-05,13
119,2023-02-12,FactoryA,DC1,CarrierW,197.1,0.964,2023-02-17,2023-02-25,13
120,2023-12-21,FactoryC,DC2,CarrierX,102.06,0.725,2023-12-27,2024-01-05,15
121,2022-03-13,FactoryA,DC2,CarrierY,137.28,0.469,2022-03-26,2022-03-28,15
122,2022-03-08,FactoryA,DC3,CarrierY,27.76,0.396,2022-03-15,2022-03-28,20
123,2023-05-23,FactoryC,DC5,CarrierY,29.38,0.163,2023-06-06,2023-06-12,20
124,2023-09-27,FactoryA,DC1,CarrierY,6.88,0.04,2023-10-05,2023-10-10,13
125,2023-06-20,FactoryC,DC4,CarrierX,40.52,0.137,2023-07-02,2023-07-15,25
126,2023-07-09,FactoryB,DC3,CarrierY,40.08,0.185,2023-07-20,2023-07-24,15
127,2023-07-28,FactoryD,DC2,CarrierZ,174.21,3.399,2023-08-09,2023-08-16,19
128,2023-07-08,FactoryA,DC4,CarrierY,103.18,0.419,2023-07-16,2023-07-19,11
129,2022-04-25,FactoryD,DC3,CarrierX,115.7,1.327,2022-05-08,2022-05-11,16
130,2023-09-10,FactoryC,DC2,CarrierW,5.72,0.022,2023-09-24,2023-10-01,21
131,2023-08-13,FactoryD,DC1,CarrierX,155.81,2.586,2023-08-23,2023-08-29,16
132,2023-10-15,FactoryB,DC5,CarrierZ,138.03,0.608,2023-10-20,2023-10-26,11
133,2023-03-16,FactoryD,DC1,CarrierW,3.82,0.014,2023-03-30,2023-04-03,18
134,2022-03-04,FactoryD,DC1,CarrierZ,172.93,0.588,2022-03-16,2022-03-25,21
135,2023-06-13,FactoryC,DC1,CarrierY,33.8,0.161,2023-06-20,2023-06-30,17
136,2022-09-05,FactoryD,DC3,CarrierZ,145.81,0.519,2022-09-22,2022-09-27,22
137,2023-03-30,FactoryB,DC5,CarrierZ,118.08,1.342,2023-04-07,2023-04-15,16
138,2023-11-22,FactoryC,DC1,CarrierY,134.23,0.54,2023-12-04,2023-12-13,21
139,2022-01-14,FactoryA,DC4,CarrierZ,46.11,0.445,2022-01-27,2022-01-30,16
140,2022-05-15,FactoryD,DC5,CarrierY,112.72,0.688,2022-05-19,2022-05-29,14
141,2022-12-11,FactoryC,DC3,CarrierY,31.38,0.187,2022-12-24,2022-12-29,18
142,2022-08-26,FactoryD,DC3,CarrierX,144.76,2.414,2022-09-08,2022-09-22,27
143,2022-03-25,FactoryD,DC4,CarrierX,64.67,1.054,2022-04-02,2022-04-10,16
144,2023-02-02,FactoryC,DC1,CarrierZ,175.52,0.742,2023-02-15,2023-02-22,20
145,2022-02-07,FactoryB,DC1,CarrierZ,146.61,2.353,2022-02-23,2022-02-27,20
146,2022-08-08,FactoryB,DC5,CarrierY,4.46,0.026,2022-08-16,2022-08-24,16
147,2023-08-08,FactoryB,DC1,CarrierX,137.21,1.06,2023-08-25,2023-08-29,21
148,2022-02-18,FactoryD,DC2,CarrierW,156.1,1.854,2022-03-03,2022-03-08,18
149,2023-04-28,FactoryC,DC3,CarrierY,44.69,0.453,2023-05-06,2023-05-09,11
150,2023-03-06,FactoryA,DC2,CarrierY,52.44,0.254,2023-03-17,2023-03-22,16
151,2022-05-20,FactoryC,DC4,CarrierW,102.91,0.843,2022-06-04,2022-06-08,19
152,2022-12-14,FactoryD,DC4,CarrierX,156.72,0.523,2022-12-27,2023-01-02,19
153,2023-10-13,FactoryB,DC3,CarrierX,11.62,0.052,2023-10-18,2023-10-30,17
154,2022-04-16,FactoryC,DC5,CarrierZ,176.96,3.439,2022-05-01,2022-05-05,19
155,2023-01-18,FactoryA,DC2,CarrierX,135.06,0.853,2023-01-30,2023-02-12,25
156,2022-02-21,FactoryB,DC5,CarrierX,91.09,0.439,2022-03-09,2022-03-17,24
157,2022-10-04,FactoryB,DC4,CarrierY,110.65,0.923,2022-10-14,2022-10-18,14
158,2022-04-27,FactoryA,DC2,CarrierY,168.81,1.918,2022-05-06,2022-05-10,13
159,2023-11-09,FactoryA,DC5,CarrierX,143.78,0.843,2023-11-17,2023-11-27,18
160,2023-01-14,FactoryB,DC3,CarrierX,97.28,0.732,2023-01-21,2023-01-26,12
161,2022-08-28,FactoryC,DC4,CarrierZ,187.98,2.267,2022-09-07,2022-09-12,15
162,2022-04-25,FactoryC,DC1,CarrierY,50.73,0.831,2022-05-04,2022-05-13,18
163,2023-12-14,FactoryD,DC5,CarrierX,149.9,1.153,2023-12-26,2023-12-31,17
164,2022-09-18,FactoryB,DC1,CarrierX,78.5,0.313,2022-10-02,2022-10-16,28
165,2022-12-06,FactoryB,DC3,CarrierZ,30.63,0.325,2022-12-11,2022-12-19,13
166,2022-07-23,FactoryA,DC1,CarrierZ,94.33,0.363,2022-07-29,2022-08-08,16
167,2022-09-30,FactoryD,DC1,CarrierX,77.66,0.384,2022-10-08,2022-10-18,18
168,2023-11-18,FactoryC,DC1,CarrierZ,88.69,0.333,2023-12-04,2023-12-10,22
169,2023-06-10,FactoryA,DC2,CarrierX,84.87,0.456,2023-06-28,2023-07-01,21
170,2022-12-15,FactoryC,DC4,CarrierY,42.26,0.151,2022-12-31,2023-01-06,22
171,2022-05-25,FactoryA,DC4,CarrierX,71.16,0.577,2022-06-11,2022-06-19,25
172,2023-07-25,FactoryD,DC1,CarrierY,16.98,0.133,2023-08-02,2023-08-08,14
173,2022-11-07,FactoryA,DC5,CarrierX,147.52,0.5,2022-11-15,2022-11-21,14
174,2023-03-09,FactoryA,DC5,CarrierY,10.28,0.048,2023-03-14,2023-03-24,15
175,2023-10-29,FactoryA,DC4,CarrierX,21.11,0.071,2023-11-06,2023-11-15,17
176,2023-04-14,FactoryD,DC5,CarrierX,188.18,1.043,2023-04-30,2023-05-04,20
177,2022-01-17,FactoryB,DC3,CarrierY,111.35,0.983,2022-01-28,2022-01-31,14
178,2023-11-27,FactoryD,DC5,CarrierX,131.04,0.968,2023-12-02,2023-12-04,7
179,2023-07-23,FactoryB,DC4,CarrierX,112.85,1.033,2023-08-03,2023-08-11,19
180,2022-04-05,FactoryB,DC2,CarrierY,161.57,2.508,2022-04-20,2022-04-23,18
181,2022-05-17,FactoryB,DC5,CarrierY,3.41,0.027,2022-06-03,2022-06-11,25
182,2022-04-10,FactoryA,DC1,CarrierY,47.65,0.171,2022-04-24,2022-04-29,19
183,2022-04-03,FactoryC,DC3,CarrierX,59.37,0.285,2022-04-09,2022-04-13,10
184,2023-05-08,FactoryB,DC4,CarrierY,74.54,0.936,2023-05-20,2023-05-28,20
185,2022-06-04,FactoryD,DC1,CarrierW,69.01,0.356,2022-06-19,2022-06-24,20
186,2023-04-05,FactoryB,DC4,CarrierZ,36.59,0.155,2023-04-20,2023-04-23,18
187,2022-10-02,FactoryD,DC3,CarrierX,26.14,0.1,2022-10-17,2022-10-19,17
188,2022-07-12,FactoryC,DC1,CarrierX,138.6,0.964,2022-07-21,2022-07-26,14
189,2022-04-09,FactoryD,DC5,CarrierZ,182.22,0.867,2022-04-17,2022-04-20,11
190,2022-10-23,FactoryC,DC1,CarrierX,63.92,0.348,2022-11-06,2022-11-16,24
191,2023-03-13,FactoryC,DC1,CarrierY,4.66,0.018,2023-03-25,2023-04-01,19
192,2023-04-11,FactoryD,DC2,CarrierZ,104.59,0.891,2023-04-19,2023-04-22,11
193,2023-04-24,FactoryA,DC2,CarrierX,183.17,0.974,2023-05-07,2023-05-16,22
194,2023-12-10,FactoryA,DC3,CarrierY,108.73,0.395,2023-12-24,2023-12-29,19
195,2023-08-24,FactoryC,DC1,CarrierZ,76.56,0.408,2023-09-01,2023-09-03,10
196,2022-03-31,FactoryB,DC3,CarrierX,112.51,0.61,2022-04-15,2022-04-19,19
197,2023-07-17,FactoryD,DC3,CarrierY,131.37,2.08,2023-07-29,2023-08-04,18
198,2022-10-05,FactoryD,DC4,CarrierX,61.41,0.211,2022-10-19,2022-10-26,21
199,2022-05-19,FactoryB,DC5,CarrierY,137.5,1.411,2022-06-01,2022-06-04,16
200,2022-06-18,FactoryB,DC4,CarrierX,188.36,1.429,2022-07-02,2022-07-10,22
201,2022-07-03,FactoryC,DC5,CarrierW,81.43,0.283,2022-07-12,2022-07-21,18
202,2022-08-02,FactoryD,DC4,CarrierX,9.11,0.044,2022-08-12,2022-08-19,17
203,2023-01-07,FactoryC,DC3,CarrierZ,162.81,1.533,2023-01-18,2023-01-30,23
204,2022-08-11,FactoryD,DC5,CarrierX,123.78,0.467,2022-08-18,2022-08-23,12
205,2022-12-05,FactoryC,DC2,CarrierZ,133.61,0.757,2022-12-13,2022-12-22,17
206,2023-07-31,FactoryA,DC5,CarrierZ,24.38,0.158,2023-08-07,2023-08-18,18
207,2023-10-13,FactoryC,DC2,CarrierX,89.32,0.324,2023-10-28,2023-11-14,32
208,2023-05-23,FactoryD,DC4,CarrierW,173.96,1.151,2023-06-05,2023-06-08,16
209,2023-04-14,FactoryC,DC5,CarrierX,71.97,0.403,2023-04-19,2023-04-22,8
210,2023-11-20,FactoryD,DC2,CarrierZ,199.31,0.739,2023-12-01,2023-12-11,21
211,2022-07-16,FactoryC,DC4,CarrierZ,24.28,0.206,2022-07-28,2022-07-31,15
212,2022-10-11,FactoryC,DC4,CarrierW,69.27,0.242,2022-10-30,2022-11-06,26
213,2022-07-30,FactoryA,DC1,CarrierY,173.91,0.683,2022-08-09,2022-08-20,21
214,2023-07-13,FactoryD,DC5,CarrierX,180.62,0.673,2023-07-20,2023-07-26,13
215,2023-04-28,FactoryA,DC1,CarrierX,117.83,0.472,2023-05-05,2023-05-13,15
216,2022-10-02,FactoryA,DC1,CarrierY,115.25,0.498,2022-10-13,2022-10-19,17
217,2022-07-26,FactoryC,DC1,CarrierY,104.07,0.633,2022-08-01,2022-08-11,16
218,2023-06-20,FactoryB,DC3,CarrierY,195.0,3.211,2023-07-06,2023-07-15,25
219,2022-02-24,FactoryD,DC2,CarrierY,132.0,1.212,2022-03-03,2022-03-07,11
220,2022-01-28,FactoryC,DC3,CarrierX,36.6,0.153,2022-02-07,2022-02-09,12
221,2023-07-19,FactoryC,DC5,CarrierX,112.99,0.417,2023-07-24,2023-08-03,15
222,2022-05-01,FactoryA,DC4,CarrierX,34.42,0.166,2022-05-14,2022-05-24,23
223,2022-12-05,FactoryD,DC2,CarrierZ,152.05,1.209,2022-12-21,2022-12-23,18
224,2023-10-27,FactoryD,DC5,CarrierW,30.02,0.41,2023-11-02,2023-11-10,14
225,2023-07-28,FactoryB,DC4,CarrierW,168.58,0.614,2023-08-03,2023-08-11,14
226,2022-12-12,FactoryA,DC5,CarrierX,15.74,0.069,2022-12-23,2022-12-31,19
227,2022-05-24,FactoryD,DC5,CarrierZ,175.52,1.151,2022-06-04,2022-06-16,23
228,2023-02-07,FactoryC,DC5,CarrierX,137.75,0.492,2023-02-11,2023-02-25,18
229,2022-07-07,FactoryC,DC1,CarrierX,155.67,0.577,2022-07-13,2022-07-22,15
230,2022-09-09,FactoryB,DC1,CarrierX,124.91,0.486,2022-09-17,2022-09-19,10
231,2023-11-11,FactoryC,DC2,CarrierX,98.83,0.863,2023-11-21,2023-11-30,19
232,2023-02-11,FactoryB,DC1,CarrierZ,163.56,3.175,2023-02-16,2023-02-24,13
233,2023-09-25,FactoryB,DC5,CarrierZ,82.99,0.444,2023-10-13,2023-10-19,24
234,2022-05-27,FactoryD,DC2,CarrierZ,42.38,0.471,2022-06-04,2022-06-11,15
235,2022-12-06,FactoryC,DC4,CarrierX,108.51,0.734,2022-12-22,2022-12-29,23
236,2022-10-11,FactoryC,DC5,CarrierX,184.64,1.79,2022-10-18,2022-10-23,12
237,2023-03-22,FactoryD,DC5,CarrierX,153.05,1.654,2023-03-29,2023-04-07,16
238,2022-07-09,FactoryD,DC2,CarrierX,127.3,0.529,2022-07-14,2022-07-24,15
239,2022-07-05,FactoryC,DC1,CarrierW,54.98,0.926,2022-07-12,2022-07-17,12
240,2023-10-16,FactoryA,DC4,CarrierX,186.91,1.286,2023-10-28,2023-11-07,22
241,2022-04-10,FactoryA,DC2,CarrierZ,65.46,0.499,2022-04-26,2022-04-30,20
242,2022-04-29,FactoryB,DC3,CarrierY,122.37,2.111,2022-05-15,2022-05-24,25
243,2022-06-29,FactoryC,DC5,CarrierX,63.67,0.219,2022-07-16,2022-07-18,19
244,2023-10-08,FactoryC,DC3,CarrierY,86.36,1.171,2023-10-20,2023-10-26,18
245,2022-03-16,FactoryB,DC1,CarrierX,163.79,2.96,2022-03-21,2022-03-24,8
246,2022-09-26,FactoryA,DC2,CarrierX,160.75,0.986,2022-10-09,2022-10-18,22
247,2023-10-25,FactoryA,DC3,CarrierX,113.06,1.108,2023-10-31,2023-11-10,16
248,2022-01-17,FactoryB,DC4,CarrierZ,102.81,0.546,2022-01-23,2022-01-31,14
249,2023-07-08,FactoryA,DC3,CarrierX,129.37,0.626,2023-07-16,2023-07-24,16
250,2022-10-01,FactoryD,DC5,CarrierX,110.32,0.404,2022-10-06,2022-10-13,12
251,2023-03-29,FactoryD,DC3,CarrierZ,19.09,0.086,2023-04-13,2023-04-21,23
252,2023-12-05,FactoryB,DC3,CarrierZ,114.7,1.201,2023-12-13,2023-12-22,17
253,2023-01-06,FactoryD,DC2,CarrierX,81.71,0.591,2023-01-11,2023-01-27,21
254,2023-08-21,FactoryD,DC2,CarrierX,155.02,1.237,2023-08-26,2023-09-01,11
255,2023-06-06,FactoryC,DC1,CarrierZ,173.44,2.116,2023-06-15,2023-06-19,13
256,2023-02-18,FactoryB,DC3,CarrierX,97.53,0.888,2023-02-24,2023-03-06,16
257,2022-12-25,FactoryC,DC2,CarrierW,60.07,0.328,2022-12-31,2023-01-02,8
258,2022-10-18,FactoryD,DC3,CarrierY,98.32,1.851,2022-10-28,2022-11-01,14
259,2023-12-13,FactoryA,DC1,CarrierY,19.2,0.354,2023-12-22,2023-12-31,18
260,2023-04-02,FactoryB,DC2,CarrierW,11.48,0.102,2023-04-11,2023-04-16,14
261,2022-02-10,FactoryB,DC4,CarrierY,78.57,0.369,2022-02-22,2022-02-28,18
262,2023-07-24,FactoryA,DC3,CarrierY,10.95,0.105,2023-07-31,2023-08-06,13
263,2022-04-15,FactoryB,DC2,CarrierW,41.26,0.236,2022-04-20,2022-04-28,13
264,2022-01-28,FactoryB,DC1,CarrierY,163.37,1.751,2022-02-06,2022-02-14,17
265,2022-02-27,FactoryD,DC3,CarrierW,109.17,0.392,2022-03-15,2022-03-20,21
266,2023-05-04,FactoryC,DC4,CarrierY,74.92,0.392,2023-05-18,2023-05-27,23
267,2023-05-20,FactoryB,DC3,CarrierZ,156.97,1.522,2023-05-30,2023-06-02,13
268,2022-04-02,FactoryD,DC3,CarrierX,177.01,0.888,2022-04-10,2022-04-20,18
269,2023-12-22,FactoryD,DC2,CarrierZ,194.7,0.819,2024-01-05,2024-01-11,20
270,2023-02-15,FactoryB,DC2,CarrierX,102.23,0.521,2023-02-27,2023-03-04,17
271,2023-10-26,FactoryB,DC5,CarrierX,23.47,0.099,2023-10-31,2023-11-02,7
272,2022-10-29,FactoryB,DC2,CarrierY,79.57,0.384,2022-11-03,2022-11-05,7
273,2023-11-26,FactoryB,DC2,CarrierZ,180.65,0.629,2023-12-07,2023-12-09,13
274,2023-03-18,FactoryD,DC1,CarrierX,102.52,0.374,2023-03-31,2023-04-06,19
275,2022-06-15,FactoryA,DC3,CarrierX,77.5,0.316,2022-06-20,2022-06-24,9
276,2022-10-04,FactoryC,DC2,CarrierY,67.16,0.296,2022-10-18,2022-10-22,18
277,2022-10-10,FactoryD,DC2,CarrierX,98.92,0.464,2022-10-16,2022-10-19,9
278,2023-03-04,FactoryA,DC3,CarrierW,183.52,1.074,2023-03-23,2023-04-02,29
279,2022-11-15,FactoryC,DC2,CarrierY,123.46,0.843,2022-11-29,2022-12-09,24
280,2022-11-24,FactoryA,DC5,CarrierX,49.79,0.495,2022-11-30,2022-12-02,8
281,2022-11-09,FactoryA,DC1,CarrierY,178.16,1.112,2022-11-21,2022-11-29,20
282,2022-03-15,FactoryA,DC1,CarrierX,8.26,0.047,2022-03-26,2022-03-30,15
283,2023-07-29,FactoryD,DC1,CarrierX,5.78,0.019,2023-08-12,2023-08-14,16
284,2022-04-21,FactoryA,DC2,CarrierY,167.43,0.852,2022-04-30,2022-05-06,15
285,2023-09-18,FactoryB,DC4,CarrierY,1.66,0.01,2023-09-30,2023-10-09,21
286,2022-05-21,FactoryB,DC2,CarrierX,155.34,0.658,2022-06-06,2022-06-13,23
287,2023-01-30,FactoryA,DC2,CarrierX,51.55,0.18,2023-02-14,2023-02-23,24
288,2022-12-03,FactoryB,DC2,CarrierY,6.04,0.027,2022-12-12,2022-12-19,16
289,2023-04-30,FactoryA,DC3,CarrierW,96.4,0.573,2023-05-10,2023-05-16,16
290,2023-07-22,FactoryB,DC3,CarrierZ,64.55,0.323,2023-08-02,2023-08-08,17
291,2023-11-03,FactoryD,DC1,CarrierY,93.68,0.742,2023-11-17,2023-11-26,23
292,2023-02-25,FactoryC,DC5,CarrierX,13.82,0.05,2023-03-01,2023-03-08,11
293,2023-09-06,FactoryC,DC3,CarrierX,128.74,0.815,2023-09-17,2023-09-30,24
294,2022-08-14,FactoryA,DC3,CarrierY,48.05,0.223,2022-08-26,2022-09-03,20
295,2022-07-20,FactoryA,DC1,CarrierY,26.92,0.201,2022-07-30,2022-08-08,19
296,2023-02-09,FactoryC,DC2,CarrierY,176.53,2.573,2023-02-14,2023-02-22,13
297,2022-12-26,FactoryA,DC3,CarrierY,55.52,0.439,2023-01-08,2023-01-15,20
298,2022-04-12,FactoryD,DC4,CarrierX,173.47,2.005,2022-04-27,2022-05-07,25
299,2022-06-16,FactoryC,DC2,CarrierX,99.49,0.359,2022-06-24,2022-07-03,17
300,2023-05-28,FactoryC,DC2,CarrierX,85.48,0.447,2023-06-12,2023-06-17,20
301,2023-11-08,FactoryC,DC2,CarrierW,178.18,0.601,2023-11-18,2023-11-29,21
302,2022-09-06,FactoryC,DC3,CarrierX,100.97,0.398,2022-09-14,2022-09-16,10
303,2022-05-05,FactoryD,DC3,CarrierZ,72.58,0.286,2022-05-16,2022-05-20,15
304,2022-10-16,FactoryA,DC4,CarrierX,150.5,0.591,2022-10-24,2022-11-03,18
305,2022-08-09,FactoryD,DC4,CarrierW,111.84,0.474,2022-08-22,2022-08-30,21
306,2022-03-07,FactoryD,DC4,CarrierY,131.48,0.819,2022-03-22,2022-03-27,20
307,2022-07-20,FactoryB,DC4,CarrierY,138.25,0.704,2022-07-28,2022-07-30,10
308,2022-02-05,FactoryC,DC1,CarrierW,169.81,1.495,2022-02-21,2022-02-25,20
309,2022-11-08,FactoryA,DC4,CarrierY,49.01,0.196,2022-11-18,2022-11-25,17
310,2023-04-11,FactoryB,DC3,CarrierZ,8.04,0.032,2023-04-20,2023-04-25,14
311,2023-02-24,FactoryB,DC3,CarrierY,64.36,1.278,2023-03-12,2023-03-17,21
312,2022-10-12,FactoryC,DC2,CarrierX,88.12,0.329,2022-10-24,2022-11-03,22
313,2022-09-13,FactoryA,DC1,CarrierW,167.38,2.268,2022-09-19,2022-09-22,9
314,2022-10-27,FactoryC,DC4,CarrierZ,186.77,1.463,2022-11-14,2022-11-24,28
315,2022-05-17,FactoryA,DC5,CarrierX,157.77,0.565,2022-05-28,2022-06-03,17
316,2023-02-13,FactoryB,DC2,CarrierX,38.98,0.32,2023-02-24,2023-02-27,14
317,2022-01-27,FactoryB,DC3,CarrierZ,15.75,0.082,2022-02-12,2022-02-26,30
318,2022-01-14,FactoryD,DC3,CarrierY,193.22,1.971,2022-01-22,2022-02-01,18
319,2023-05-10,FactoryD,DC2,CarrierZ,37.57,0.129,2023-05-15,2023-05-23,13
320,2023-07-27,FactoryC,DC3,CarrierX,111.3,0.514,2023-08-01,2023-08-03,7
321,2023-01-29,FactoryA,DC5,CarrierW,131.01,0.521,2023-02-13,2023-02-17,19
322,2022-07-06,FactoryD,DC2,CarrierX,153.27,0.901,2022-07-12,2022-07-19,13
323,2023-10-10,FactoryA,DC2,CarrierX,89.02,0.607,2023-10-18,2023-10-20,10
324,2022-07-28,FactoryA,DC3,CarrierZ,138.29,0.581,2022-08-12,2022-08-20,23
325,2023-12-20,FactoryA,DC1,CarrierW,95.54,0.837,2024-01-01,2024-01-10,21
326,2022-07-31,FactoryB,DC4,CarrierX,86.53,0.512,2022-08-07,2022-08-16,16
327,2023-05-20,FactoryB,DC4,CarrierZ,124.81,0.442,2023-06-06,2023-06-12,23
328,2022-09-25,FactoryC,DC1,CarrierZ,111.42,0.839,2022-10-09,2022-10-14,19
329,2022-05-03,FactoryB,DC4,CarrierY,36.02,0.412,2022-05-15,2022-05-23,20
330,2023-08-29,FactoryA,DC4,CarrierX,104.72,0.947,2023-09-11,2023-09-18,20
331,2023-02-10,FactoryD,DC5,CarrierY,95.56,1.112,2023-02-21,2023-02-28,18
332,2022-05-18,FactoryC,DC1,CarrierZ,65.77,0.264,2022-05-25,2022-05-31,13
333,2022-05-05,FactoryA,DC3,CarrierX,197.74,2.441,2022-05-17,2022-05-25,20
334,2023-04-12,FactoryA,DC2,CarrierZ,152.3,0.754,2023-04-20,2023-04-26,14
335,2023-10-22,FactoryC,DC1,CarrierY,124.99,0.679,2023-11-08,2023-11-20,29
336,2023-12-29,FactoryA,DC3,CarrierX,120.83,0.901,2024-01-13,2024-01-21,23
337,2023-01-19,FactoryB,DC4,CarrierY,83.76,0.429,2023-02-02,2023-02-07,19
338,2023-12-01,FactoryA,DC1,CarrierZ,93.03,0.503,2023-12-07,2023-12-10,9
339,2022-08-02,FactoryC,DC3,CarrierW,133.39,1.071,2022-08-19,2022-08-22,20
340,2022-09-27,FactoryA,DC3,CarrierX,137.45,2.183,2022-10-11,2022-10-16,19
341,2022-05-28,FactoryD,DC3,CarrierX,34.26,0.267,2022-06-08,2022-06-15,18
342,2022-04-28,FactoryD,DC4,CarrierX,178.31,0.864,2022-05-14,2022-05-24,26
343,2023-04-13,FactoryA,DC3,CarrierW,137.2,0.536,2023-04-18,2023-04-20,7
344,2023-08-30,FactoryB,DC4,CarrierX,193.44,1.615,2023-09-09,2023-09-12,13
345,2022-07-27,FactoryC,DC4,CarrierZ,1.38,0.005,2022-08-10,2022-08-18,22
346,2022-05-30,FactoryC,DC5,CarrierY,77.65,0.306,2022-06-09,2022-06-12,13
347,2022-01-31,FactoryA,DC1,CarrierY,147.56,1.005,2022-02-09,2022-02-16,16
348,2023-07-10,FactoryD,DC1,CarrierX,177.14,1.931,2023-07-23,2023-07-27,17
349,2023-04-06,FactoryB,DC5,CarrierY,30.12,0.155,2023-04-20,2023-04-28,22
350,2023-04-03,FactoryB,DC2,CarrierZ,76.95,0.601,2023-04-12,2023-04-24,21
351,2023-10-27,FactoryC,DC5,CarrierX,61.42,0.297,2023-11-13,2023-11-21,25
352,2023-01-12,FactoryB,DC1,CarrierW,84.12,0.582,2023-01-19,2023-01-22,10
353,2023-12-30,FactoryB,DC3,CarrierZ,30.39,0.224,2024-01-04,2024-01-07,8
354,2023-01-20,FactoryB,DC1,CarrierY,45.99,0.463,2023-02-03,2023-02-13,24
355,2023-09-15,FactoryA,DC1,CarrierX,30.62,0.114,2023-09-23,2023-10-01,16
356,2022-12-03,FactoryA,DC1,CarrierY,97.29,0.772,2022-12-15,2022-12-24,21
357,2023-05-12,FactoryD,DC3,CarrierZ,138.52,0.655,2023-05-23,2023-06-02,21
358,2022-06-27,FactoryB,DC4,CarrierY,180.15,0.689,2022-07-06,2022-07-14,17
359,2022-08-06,FactoryC,DC3,CarrierZ,10.14,0.07,2022-08-21,2022-09-02,27
360,2022-02-28,FactoryD,DC3,CarrierY,96.36,0.904,2022-03-06,2022-03-11,11
361,2023-02-09,FactoryC,DC5,CarrierY,102.6,0.4,2023-02-22,2023-03-03,22
362,2022-08-04,FactoryD,DC2,CarrierX,83.52,0.307,2022-08-17,2022-08-25,21
363,2023-02-14,FactoryB,DC1,CarrierX,73.53,0.579,2023-02-24,2023-02-28,14
364,2022-08-29,FactoryA,DC1,CarrierX,40.71,0.159,2022-09-14,2022-09-22,24
365,2023-03-02,FactoryD,DC5,CarrierX,175.36,1.895,2023-03-12,2023-03-20,18
366,2022-02-03,FactoryA,DC4,CarrierX,114.63,1.025,2022-02-12,2022-02-24,21
367,2023-04-30,FactoryD,DC2,CarrierY,184.25,1.48,2023-05-16,2023-05-26,26
368,2023-09-02,FactoryB,DC1,CarrierX,32.71,0.28,2023-09-09,2023-09-13,11
369,2023-06-01,FactoryA,DC1,CarrierX,45.02,0.173,2023-06-11,2023-06-17,16
370,2023-04-21,FactoryC,DC1,CarrierY,58.37,0.239,2023-04-27,2023-05-02,11
371,2023-02-11,FactoryA,DC2,CarrierY,158.77,1.397,2023-02-20,2023-02-27,16
372,2023-02-02,FactoryA,DC1,CarrierZ,199.4,0.93,2023-02-11,2023-02-15,13
373,2022-12-21,FactoryA,DC4,CarrierY,75.47,0.823,2022-12-30,2023-01-07,17
374,2022-01-01,FactoryD,DC4,CarrierY,165.33,0.649,2022-01-11,2022-01-17,16
375,2023-04-28,FactoryC,DC2,CarrierZ,49.15,0.257,2023-05-09,2023-05-17,19
376,2023-09-01,FactoryB,DC1,CarrierY,198.56,0.857,2023-09-13,2023-09-22,21
377,2022-07-23,FactoryB,DC5,CarrierX,12.88,0.043,2022-08-06,2022-08-08,16
378,2023-07-26,FactoryD,DC1,CarrierZ,141.02,0.525,2023-08-08,2023-08-17,22
379,2023-04-15,FactoryA,DC5,CarrierY,170.35,0.599,2023-04-27,2023-05-03,18
380,2023-05-01,FactoryB,DC4,CarrierY,124.92,0.939,2023-05-07,2023-05-16,15
381,2022-03-02,FactoryB,DC3,CarrierZ,119.03,0.451,2022-03-14,2022-03-18,16
382,2023-05-07,FactoryA,DC3,CarrierW,113.49,0.8,2023-05-17,2023-05-25,18
383,2022-12-10,FactoryB,DC5,CarrierY,83.01,0.703,2022-12-22,2022-12-25,15
384,2023-08-21,FactoryD,DC5,CarrierZ,88.05,0.371,2023-09-05,2023-09-08,18
385,2023-10-17,FactoryB,DC5,CarrierX,74.98,0.666,2023-10-24,2023-10-27,10
386,2023-05-06,FactoryB,DC4,CarrierW,11.65,0.161,2023-05-14,2023-05-19,13
387,2022-02-24,FactoryC,DC1,CarrierX,72.97,0.297,2022-03-09,2022-03-12,16
388,2022-04-03,FactoryC,DC1,CarrierX,106.32,0.393,2022-04-08,2022-04-12,9
389,2023-07-04,FactoryB,DC2,CarrierX,148.13,0.632,2023-07-19,2023-07-21,17
390,2023-10-21,FactoryD,DC5,CarrierY,109.99,0.74,2023-11-01,2023-11-10,20
391,2023-02-02,FactoryC,DC4,CarrierY,57.08,0.294,2023-02-08,2023-02-15,13
392,2023-05-31,FactoryC,DC4,CarrierZ,104.92,0.402,2023-06-10,2023-06-16,16
393,2023-11-23,FactoryD,DC3,CarrierX,124.19,0.982,2023-12-01,2023-12-06,13
394,2022-11-23,FactoryA,DC4,CarrierX,35.41,0.296,2022-12-02,2022-12-08,15
395,2023-07-25,FactoryB,DC2,CarrierZ,39.82,0.322,2023-08-04,2023-08-09,15
396,2022-02-08,FactoryD,DC4,CarrierY,128.48,2.338,2022-02-18,2022-02-24,16
397,2023-06-21,FactoryB,DC5,CarrierX,44.77,0.267,2023-07-08,2023-07-17,26
398,2022-11-11,FactoryC,DC2,CarrierW,157.99,1.115,2022-11-24,2022-11-27,16
399,2022-03-12,FactoryD,DC4,CarrierY,2.08,0.008,2022-03-26,2022-03-28,16
400,2023-08-13,FactoryC,DC4,CarrierY,121.91,0.624,2023-08-22,2023-08-25,12
401,2022-04-10,FactoryD,DC3,CarrierZ,20.89,0.094,2022-04-18,2022-04-21,11
402,2022-05-22,FactoryD,DC4,CarrierX,44.38,0.179,2022-06-06,2022-06-15,24
403,2022-05-11,FactoryB,DC2,CarrierZ,195.98,1.039,2022-05-23,2022-05-31,20
404,2022-05-30,FactoryD,DC5,CarrierY,157.02,0.57,2022-06-11,2022-06-15,16
405,2023-01-01,FactoryA,DC5,CarrierZ,191.05,1.606,2023-01-07,2023-01-14,13
406,2023-07-01,FactoryB,DC4,CarrierZ,14.11,0.18,2023-07-11,2023-07-18,17
407,2022-07-23,FactoryC,DC4,CarrierZ,36.81,0.293,2022-08-09,2022-08-16,24
408,2023-03-17,FactoryC,DC4,CarrierY,38.74,0.223,2023-03-27,2023-04-05,19
409,2022-01-21,FactoryB,DC3,CarrierX,139.83,0.573,2022-02-02,2022-02-04,14
410,2023-05-31,FactoryC,DC3,CarrierX,21.53,0.086,2023-06-15,2023-06-24,24
411,2022-10-29,FactoryD,DC4,CarrierX,132.96,1.29,2022-11-14,2022-11-28,30
412,2023-09-18,FactoryA,DC2,CarrierZ,16.21,0.315,2023-09-27,2023-10-07,19
413,2023-09-09,FactoryD,DC3,CarrierX,160.41,0.66,2023-09-18,2023-09-24,15
414,2022-02-15,FactoryB,DC1,CarrierZ,101.94,0.806,2022-02-24,2022-03-02,15
415,2022-12-28,FactoryB,DC5,CarrierW,102.36,0.754,2023-01-08,2023-01-19,22
416,2022-09-27,FactoryC,DC4,CarrierX,90.57,0.41,2022-10-04,2022-10-10,13
417,2022-01-13,FactoryB,DC2,CarrierZ,12.41,0.097,2022-01-25,2022-01-29,16
418,2022-01-22,FactoryB,DC1,CarrierX,153.28,1.397,2022-01-28,2022-02-04,13
419,2022-06-22,FactoryD,DC4,CarrierZ,2.63,0.011,2022-06-30,2022-07-07,15
420,2022-03-21,FactoryC,DC1,CarrierX,57.0,0.557,2022-03-30,2022-04-08,18
421,2023-06-27,FactoryC,DC3,CarrierZ,192.44,0.716,2023-07-16,2023-07-31,34
422,2023-10-20,FactoryB,DC3,CarrierW,72.47,0.312,2023-10-26,2023-10-29,9
423,2022-02-05,FactoryA,DC4,CarrierY,193.01,1.349,2022-02-20,2022-02-23,18
424,2022-12-17,FactoryB,DC5,CarrierX,151.55,0.652,2022-12-31,2023-01-08,22
425,2022-04-04,FactoryB,DC3,CarrierZ,125.11,0.457,2022-04-10,2022-04-16,12
426,2022-05-02,FactoryB,DC4,CarrierY,191.0,1.766,2022-05-20,2022-05-25,23
427,2023-07-17,FactoryD,DC3,CarrierX,150.14,1.312,2023-07-29,2023-08-02,16
428,2023-07-20,FactoryC,DC2,CarrierX,79.78,0.604,2023-08-07,2023-08-16,27
429,2022-01-26,FactoryD,DC3,CarrierY,193.49,0.834,2022-02-06,2022-02-15,20
430,2022-04-30,FactoryC,DC4,CarrierX,118.0,0.837,2022-05-13,2022-05-19,19
431,2022-02-28,FactoryA,DC3,CarrierY,105.64,0.677,2022-03-17,2022-03-19,19
432,2022-01-03,FactoryB,DC1,CarrierY,39.49,0.192,2022-01-21,2022-01-24,21
433,2022-05-22,FactoryD,DC3,CarrierY,27.11,0.215,2022-05-28,2022-06-07,16
434,2023-06-24,FactoryB,DC3,CarrierX,66.59,0.412,2023-07-03,2023-07-09,15
435,2022-05-22,FactoryA,DC2,CarrierX,48.08,0.238,2022-05-30,2022-06-03,12
436,2023-02-14,FactoryC,DC4,CarrierX,168.62,1.647,2023-02-28,2023-03-11,25
437,2022-04-06,FactoryB,DC5,CarrierW,127.97,1.525,2022-04-20,2022-04-23,17
438,2023-07-23,FactoryB,DC3,CarrierZ,70.81,0.414,2023-08-11,2023-08-17,25
439,2022-04-11,FactoryC,DC4,CarrierX,190.81,1.041,2022-04-22,2022-04-24,13
440,2023-12-09,FactoryA,DC3,CarrierX,122.5,0.705,2023-12-18,2023-12-21,12
441,2022-09-21,FactoryC,DC4,CarrierX,61.62,0.247,2022-10-01,2022-10-07,16
442,2023-02-12,FactoryB,DC4,CarrierY,54.33,0.266,2023-02-21,2023-02-23,11
443,2022-10-21,FactoryB,DC5,CarrierZ,137.7,0.949,2022-11-06,2022-11-14,24
444,2022-12-31,FactoryB,DC5,CarrierY,132.69,0.496,2023-01-07,2023-01-10,10
445,2022-12-04,FactoryA,DC5,CarrierY,146.09,1.039,2022-12-21,2022-12-26,22
446,2023-05-31,FactoryA,DC4,CarrierY,50.3,0.332,2023-06-07,2023-06-15,15
447,2022-01-02,FactoryB,DC5,CarrierX,62.11,0.966,2022-01-17,2022-01-26,24
448,2022-01-26,FactoryB,DC4,CarrierX,158.36,0.81,2022-02-08,2022-02-19,24
449,2022-11-15,FactoryB,DC3,CarrierW,159.11,1.252,2022-11-23,2022-11-26,11
450,2022-10-05,FactoryA,DC1,CarrierY,145.39,0.885,2022-10-17,2022-10-22,17
451,2022-12-24,FactoryB,DC5,CarrierZ,64.91,0.219,2023-01-08,2023-01-11,18
452,2023-07-30,FactoryD,DC1,CarrierY,195.87,0.686,2023-08-12,2023-08-16,17
453,2023-03-05,FactoryA,DC1,CarrierY,97.44,0.987,2023-03-14,2023-03-21,16
454,2022-07-12,FactoryD,DC4,CarrierX,88.69,0.863,2022-07-24,2022-07-26,14
455,2023-10-25,FactoryD,DC3,CarrierX,43.18,0.803,2023-11-09,2023-11-16,22
456,2022-10-18,FactoryB,DC4,CarrierX,57.74,0.197,2022-10-29,2022-10-31,13
457,2023-08-09,FactoryC,DC1,CarrierX,167.06,0.87,2023-08-25,2023-09-01,23
458,2022-11-25,FactoryC,DC5,CarrierY,88.04,0.397,2022-12-07,2022-12-10,15
459,2023-03-22,FactoryB,DC2,CarrierZ,144.3,0.72,2023-04-01,2023-04-07,16
460,2022-05-09,FactoryA,DC5,CarrierW,79.84,1.572,2022-05-17,2022-05-23,14
461,2023-07-14,FactoryC,DC4,CarrierY,142.6,0.717,2023-07-30,2023-08-01,18
462,2022-07-30,FactoryB,DC1,CarrierY,3.44,0.015,2022-08-03,2022-08-13,14
463,2023-05-10,FactoryB,DC3,CarrierY,144.36,0.645,2023-05-24,2023-05-31,21
464,2023-04-13,FactoryC,DC1,CarrierW,165.43,0.952,2023-04-23,2023-05-03,20
465,2023-05-23,FactoryD,DC4,CarrierX,12.02,0.167,2023-06-10,2023-06-18,26
466,2023-03-19,FactoryB,DC2,CarrierY,127.15,1.351,2023-03-27,2023-04-04,16
467,2022-04-03,FactoryD,DC4,CarrierX,42.55,0.3,2022-04-12,2022-04-14,11
468,2023-02-22,FactoryB,DC4,CarrierY,36.62,0.307,2023-03-06,2023-03-12,18
469,2022-05-17,FactoryB,DC3,CarrierZ,146.38,1.254,2022-05-29,2022-06-05,19
470,2023-06-06,FactoryC,DC4,CarrierY,97.26,0.35,2023-06-18,2023-06-22,16
471,2023-09-03,FactoryB,DC5,CarrierY,143.23,0.929,2023-09-14,2023-09-21,18
472,2022-11-30,FactoryC,DC3,CarrierY,61.35,0.333,2022-12-18,2022-12-24,24
473,2022-10-22,FactoryD,DC2,CarrierX,110.11,1.363,2022-10-30,2022-11-02,11
474,2022-08-02,FactoryA,DC1,CarrierY,109.2,1.816,2022-08-07,2022-08-14,12
475,2022-12-09,FactoryB,DC1,CarrierX,184.99,2.526,2022-12-22,2022-12-30,21
476,2022-12-29,FactoryA,DC1,CarrierZ,64.08,0.767,2023-01-05,2023-01-08,10
477,2023-01-17,FactoryD,DC2,CarrierY,156.31,0.894,2023-01-25,2023-02-04,18
478,2022-03-13,FactoryB,DC2,CarrierZ,120.58,1.941,2022-03-17,2022-03-25,12
479,2023-11-28,FactoryA,DC2,CarrierX,147.53,2.097,2023-12-13,2023-12-17,19
480,2023-05-22,FactoryB,DC1,CarrierY,193.1,0.695,2023-06-03,2023-06-06,15
481,2022-11-17,FactoryD,DC4,CarrierX,195.92,0.933,2022-12-03,2022-12-10,23
482,2022-03-17,FactoryB,DC4,CarrierX,40.32,0.148,2022-03-27,2022-04-04,18
483,2022-11-26,FactoryB,DC1,CarrierY,128.66,0.461,2022-12-04,2022-12-08,12
484,2023-03-22,FactoryC,DC1,CarrierW,166.47,2.254,2023-04-01,2023-04-16,25
485,2023-01-03,FactoryC,DC5,CarrierX,168.96,1.74,2023-01-15,2023-01-22,19
486,2022-12-05,FactoryC,DC4,CarrierZ,176.31,1.282,2022-12-15,2022-12-21,16
487,2022-07-19,FactoryA,DC3,CarrierZ,64.48,0.303,2022-07-28,2022-07-31,12
488,2022-01-15,FactoryD,DC4,CarrierX,95.16,0.327,2022-01-28,2022-02-07,23
489,2022-03-09,FactoryD,DC3,CarrierY,15.52,0.155,2022-03-22,2022-03-30,21
490,2022-09-04,FactoryA,DC2,CarrierX,105.73,0.632,2022-09-19,2022-09-26,22
491,2023-10-07,FactoryA,DC1,CarrierZ,17.26,0.08,2023-10-16,2023-10-26,19
492,2022-10-08,FactoryB,DC1,CarrierY,98.14,0.528,2022-10-20,2022-10-25,17
493,2023-03-12,FactoryD,DC1,CarrierZ,110.09,2.097,2023-03-23,2023-03-28,16
494,2022-05-25,FactoryA,DC2,CarrierX,183.62,0.864,2022-06-03,2022-06-18,24
495,2022-12-17,FactoryC,DC3,CarrierX,140.81,0.546,2022-12-24,2022-12-30,13
496,2023-09-15,FactoryB,DC4,CarrierY,165.47,0.66,2023-09-29,2023-10-07,22
497,2023-07-14,FactoryA,DC3,CarrierZ,154.34,0.869,2023-07-25,2023-07-31,17
498,2023-10-20,FactoryB,DC1,CarrierX,29.84,0.12,2023-10-31,2023-11-05,16
499,2022-10-18,FactoryB,DC3,CarrierY,143.45,0.499,2022-10-26,2022-11-04,17
500,2023-07-26,FactoryB,DC5,CarrierX,83.26,0.654,2023-08-08,2023-08-12,17
501,2023-07-31,FactoryA,DC2,CarrierZ,161.97,0.77,2023-08-08,2023-08-17,17
502,2023-09-18,FactoryB,DC3,CarrierW,11.89,0.115,2023-10-02,2023-10-08,20
503,2023-07-09,FactoryB,DC4,CarrierZ,76.08,0.763,2023-07-22,2023-07-26,17
504,2023-08-23,FactoryD,DC1,CarrierZ,84.39,0.496,2023-08-26,2023-08-31,8
505,2023-12-01,FactoryC,DC5,CarrierX,123.98,0.475,2023-12-17,2023-12-25,24
506,2023-07-13,FactoryA,DC2,CarrierX,2.9,0.021,2023-07-24,2023-08-01,19
507,2022-09-01,FactoryB,DC5,CarrierZ,184.71,1.359,2022-09-11,2022-09-20,19
508,2023-07-16,FactoryC,DC4,CarrierX,88.22,0.781,2023-07-23,2023-07-27,11
509,2022-01-28,FactoryD,DC4,CarrierX,87.44,0.414,2022-02-08,2022-02-13,16
510,2022-12-01,FactoryA,DC2,CarrierY,164.37,1.006,2022-12-16,2022-12-25,24
511,2022-11-27,FactoryD,DC4,CarrierX,94.47,0.51,2022-12-07,2022-12-15,18
512,2023-09-14,FactoryB,DC2,CarrierZ,19.78,0.107,2023-09-19,2023-09-25,11
513,2022-10-31,FactoryB,DC3,CarrierY,143.69,0.549,2022-11-13,2022-11-24,24
514,2022-08-26,FactoryD,DC4,CarrierY,70.1,0.342,2022-09-04,2022-09-08,13
515,2022-10-13,FactoryD,DC2,CarrierX,7.3,0.032,2022-10-21,2022-11-01,19
516,2023-06-30,FactoryA,DC4,CarrierY,44.08,0.837,2023-07-17,2023-07-19,19
517,2022-11-27,FactoryD,DC2,CarrierZ,38.02,0.143,2022-12-10,2022-12-19,22
518,2023-01-28,FactoryD,DC4,CarrierZ,88.46,0.859,2023-02-06,2023-02-15,18
519,2022-10-18,FactoryB,DC3,CarrierY,49.5,0.231,2022-10-27,2022-11-05,18
520,2023-09-25,FactoryA,DC3,CarrierX,52.22,0.37,2023-10-13,2023-10-17,22
521,2022-01-08,FactoryD,DC1,CarrierX,114.89,1.006,2022-01-21,2022-01-24,16
522,2022-09-17,FactoryD,DC1,CarrierY,103.35,0.693,2022-09-28,2022-10-02,15
523,2022-09-27,FactoryA,DC1,CarrierX,184.61,0.723,2022-10-14,2022-10-16,19
524,2022-03-19,FactoryA,DC3,CarrierX,141.81,0.476,2022-03-31,2022-04-03,15
525,2022-05-06,FactoryC,DC4,CarrierX,187.12,0.694,2022-05-19,2022-05-25,19
526,2022-02-25,FactoryC,DC1,CarrierZ,124.75,1.193,2022-03-05,2022-03-07,10
527,2022-09-04,FactoryD,DC5,CarrierY,147.06,1.061,2022-09-14,2022-09-20,16
528,2022-02-12,FactoryB,DC5,CarrierY,74.14,0.884,2022-02-18,2022-02-24,12
529,2022-07-10,FactoryA,DC2,CarrierY,146.54,0.773,2022-07-20,2022-07-24,14
530,2022-12-11,FactoryD,DC4,CarrierZ,133.06,1.782,2022-12-18,2022-12-27,16
531,2023-01-10,FactoryD,DC4,CarrierX,15.18,0.199,2023-01-18,2023-01-25,15
532,2022-04-11,FactoryA,DC4,CarrierX,76.45,0.273,2022-04-21,2022-04-25,14
533,2022-11-10,FactoryC,DC2,CarrierY,193.05,1.492,2022-11-24,2022-11-29,19
534,2023-05-10,FactoryB,DC3,CarrierW,191.27,0.744,2023-05-25,2023-06-02,23
535,2023-08-03,FactoryD,DC4,CarrierX,65.72,0.351,2023-08-18,2023-08-24,21
536,2022-06-28,FactoryC,DC5,CarrierW,184.52,0.983,2022-07-16,2022-07-24,26
537,2022-09-09,FactoryB,DC5,CarrierW,10.68,0.048,2022-09-26,2022-10-04,25
538,2023-01-08,FactoryA,DC4,CarrierX,12.56,0.111,2023-01-22,2023-01-31,23
539,2022-06-20,FactoryC,DC3,CarrierW,196.96,2.587,2022-07-08,2022-07-12,22
540,2022-09-06,FactoryC,DC2,CarrierX,29.3,0.132,2022-09-20,2022-09-23,17
541,2022-05-17,FactoryB,DC4,CarrierW,160.02,0.713,2022-05-30,2022-06-06,20
542,2022-07-04,FactoryC,DC3,CarrierX,139.63,0.77,2022-07-18,2022-07-26,22
543,2023-06-22,FactoryC,DC2,CarrierY,132.79,0.827,2023-07-01,2023-07-04,12
544,2022-03-13,FactoryB,DC2,CarrierX,113.98,0.557,2022-03-18,2022-03-24,11
545,2023-04-01,FactoryB,DC5,CarrierW,90.7,0.466,2023-04-14,2023-04-23,22
546,2022-07-19,FactoryD,DC5,CarrierZ,161.84,1.744,2022-08-05,2022-08-08,20
547,2023-09-27,FactoryA,DC4,CarrierY,127.48,0.883,2023-10-12,2023-10-20,23
548,2023-06-24,FactoryB,DC1,CarrierZ,172.21,0.671,2023-07-04,2023-07-09,15
549,2022-03-16,FactoryD,DC3,CarrierY,155.04,0.666,2022-04-02,2022-04-07,22
550,2022-11-27,FactoryC,DC1,CarrierX,105.14,0.478,2022-12-09,2022-12-19,22
551,2023-09-27,FactoryD,DC3,CarrierZ,114.33,0.416,2023-10-03,2023-10-12,15
552,2023-03-17,FactoryB,DC1,CarrierZ,99.64,0.403,2023-03-26,2023-03-30,13
553,2022-10-14,FactoryB,DC1,CarrierX,110.18,0.461,2022-10-31,2022-11-09,26
554,2022-03-19,FactoryB,DC2,CarrierX,79.53,1.227,2022-04-07,2022-04-15,27
555,2022-02-19,FactoryA,DC2,CarrierY,127.93,0.438,2022-03-06,2022-03-15,24
556,2023-03-27,FactoryD,DC3,CarrierZ,21.86,0.076,2023-04-15,2023-04-24,28
557,2023-05-03,FactoryB,DC4,CarrierZ,28.17,0.103,2023-05-09,2023-05-15,12
558,2023-12-30,FactoryC,DC1,CarrierX,182.45,1.401,2024-01-08,2024-01-17,18
559,2022-02-26,FactoryB,DC2,CarrierY,57.93,0.335,2022-03-07,2022-03-09,11
560,2022-03-10,FactoryC,DC3,CarrierX,181.26,0.922,2022-03-18,2022-03-28,18
561,2023-09-10,FactoryD,DC1,CarrierY,75.62,0.256,2023-09-25,2023-10-04,24
562,2023-06-23,FactoryD,DC1,CarrierZ,57.96,0.672,2023-07-07,2023-07-14,21
563,2022-10-30,FactoryC,DC5,CarrierZ,114.84,0.491,2022-11-09,2022-11-19,20
564,2022-07-15,FactoryA,DC2,CarrierX,25.07,0.283,2022-07-25,2022-07-30,15
565,2023-06-29,FactoryA,DC5,CarrierY,11.55,0.039,2023-07-12,2023-07-22,23
566,2023-12-09,FactoryB,DC5,CarrierX,65.14,0.652,2023-12-13,2023-12-16,7
567,2023-09-06,FactoryA,DC4,CarrierY,126.76,2.165,2023-09-17,2023-09-22,16
568,2023-12-10,FactoryD,DC1,CarrierY,43.91,0.253,2023-12-29,2024-01-07,28
569,2022-11-02,FactoryB,DC4,CarrierX,103.94,0.664,2022-11-14,2022-11-22,20
570,2023-11-09,FactoryD,DC2,CarrierX,75.26,0.404,2023-11-21,2023-11-30,21
571,2023-11-19,FactoryC,DC3,CarrierX,11.56,0.204,2023-12-04,2023-12-06,17
572,2023-11-01,FactoryD,DC5,CarrierY,83.03,0.354,2023-11-13,2023-11-20,19
573,2023-04-14,FactoryB,DC2,CarrierY,155.96,0.907,2023-04-22,2023-04-27,13
574,2023-08-16,FactoryC,DC3,CarrierW,62.62,0.643,2023-08-25,2023-08-29,13
575,2022-10-28,FactoryA,DC2,CarrierZ,167.01,0.668,2022-11-05,2022-11-08,11
576,2023-07-12,FactoryB,DC3,CarrierY,154.24,0.873,2023-07-22,2023-07-29,17
577,2022-10-08,FactoryB,DC2,CarrierY,96.15,0.336,2022-10-17,2022-10-20,12
578,2022-06-12,FactoryD,DC1,CarrierY,66.84,0.284,2022-06-27,2022-07-04,22
579,2022-05-06,FactoryD,DC4,CarrierX,99.27,0.556,2022-05-17,2022-05-21,15
580,2023-03-21,FactoryA,DC2,CarrierY,97.77,0.376,2023-04-08,2023-04-11,21
581,2022-07-24,FactoryA,DC2,CarrierZ,14.5,0.05,2022-08-01,2022-08-07,14
582,2022-02-02,FactoryD,DC4,CarrierY,41.7,0.356,2022-02-14,2022-02-16,14
583,2023-09-15,FactoryD,DC5,CarrierZ,120.94,0.561,2023-09-24,2023-09-26,11
584,2022-11-16,FactoryB,DC5,CarrierX,62.51,0.387,2022-11-24,2022-11-28,12
585,2023-08-28,FactoryA,DC5,CarrierW,141.91,2.183,2023-09-10,2023-09-14,17
586,2023-07-10,FactoryC,DC3,CarrierX,30.74,0.106,2023-07-17,2023-07-22,12
587,2022-03-27,FactoryC,DC5,CarrierZ,50.11,0.225,2022-04-07,2022-04-09,13
588,2023-11-20,FactoryD,DC5,CarrierZ,43.5,0.509,2023-12-05,2023-12-11,21
589,2023-02-12,FactoryB,DC2,CarrierY,169.77,0.648,2023-02-19,2023-02-28,16
590,2023-08-04,FactoryC,DC3,CarrierX,17.82,0.122,2023-08-17,2023-08-19,15
591,2022-10-01,FactoryC,DC5,CarrierX,149.12,1.055,2022-10-16,2022-10-26,25
592,2023-05-11,FactoryB,DC3,CarrierW,22.31,0.202,2023-05-21,2023-05-26,15
593,2022-11-21,FactoryB,DC1,CarrierY,99.71,0.788,2022-11-28,2022-12-07,16
594,2023-04-28,FactoryD,DC5,CarrierZ,50.93,0.208,2023-05-04,2023-05-11,13
595,2022-07-28,FactoryB,DC5,CarrierZ,113.56,0.578,2022-08-11,2022-08-21,24
596,2022-12-24,FactoryB,DC3,CarrierY,52.22,0.232,2023-01-02,2023-01-12,19
597,2022-10-30,FactoryC,DC3,CarrierX,126.02,1.803,2022-11-02,2022-11-06,7
598,2023-05-09,FactoryA,DC1,CarrierY,136.82,0.832,2023-05-24,2023-05-28,19
599,2023-04-06,FactoryB,DC1,CarrierX,100.69,1.84,2023-04-23,2023-05-01,25
600,2022-09-18,FactoryD,DC5,CarrierX,123.57,0.598,2022-09-28,2022-10-04,16
601,2023-09-19,FactoryA,DC4,CarrierX,176.04,0.738,2023-10-07,2023-10-09,20
602,2022-11-05,FactoryC,DC2,CarrierY,62.42,0.744,2022-11-21,2022-11-29,24
603,2022-06-09,FactoryD,DC1,CarrierX,11.85,0.083,2022-06-22,2022-06-27,18
604,2022-12-31,FactoryA,DC3,CarrierZ,198.85,1.107,2023-01-18,2023-01-20,20
605,2023-12-05,FactoryB,DC5,CarrierX,111.89,0.921,2023-12-19,2023-12-28,23
606,2023-04-29,FactoryA,DC1,CarrierY,26.7,0.298,2023-05-07,2023-05-09,10
607,2023-05-17,FactoryB,DC4,CarrierX,37.08,0.144,2023-05-23,2023-05-29,12
608,2022-04-22,FactoryB,DC5,CarrierZ,56.37,0.276,2022-05-04,2022-05-06,14
609,2023-08-23,FactoryA,DC5,CarrierW,94.47,0.961,2023-08-30,2023-09-02,10
610,2022-09-28,FactoryD,DC5,CarrierZ,136.83,2.445,2022-10-02,2022-10-10,12
611,2022-12-04,FactoryD,DC2,CarrierX,171.85,0.828,2022-12-18,2022-12-28,24
612,2022-08-02,FactoryD,DC4,CarrierX,163.46,0.655,2022-08-14,2022-08-23,21
613,2022-03-06,FactoryA,DC1,CarrierX,172.28,1.682,2022-03-16,2022-03-25,19
614,2022-04-23,FactoryD,DC5,CarrierZ,92.57,0.638,2022-05-10,2022-05-20,27
615,2022-10-16,FactoryC,DC2,CarrierX,180.66,0.804,2022-11-01,2022-11-04,19
616,2023-11-06,FactoryB,DC4,CarrierX,181.62,0.866,2023-11-16,2023-11-22,16
617,2023-10-12,FactoryC,DC2,CarrierW,187.76,1.457,2023-10-19,2023-10-26,14
618,2023-01-26,FactoryC,DC5,CarrierW,152.26,1.016,2023-02-05,2023-02-12,17
619,2022-12-07,FactoryA,DC4,CarrierX,186.57,2.236,2022-12-17,2022-12-20,13
620,2022-02-18,FactoryC,DC1,CarrierX,117.02,1.838,2022-03-05,2022-03-08,18
621,2023-12-27,FactoryA,DC4,CarrierX,24.07,0.299,2024-01-11,2024-01-20,24
622,2022-12-08,FactoryD,DC5,CarrierZ,54.68,0.286,2022-12-15,2022-12-22,14
623,2023-07-22,FactoryB,DC4,CarrierY,139.36,1.541,2023-08-05,2023-08-10,19
624,2023-05-03,FactoryB,DC2,CarrierY,43.63,0.151,2023-05-08,2023-05-15,12
625,2023-08-24,FactoryB,DC2,CarrierZ,123.27,0.975,2023-09-07,2023-09-15,22
626,2022-03-15,FactoryD,DC5,CarrierZ,150.16,1.868,2022-03-18,2022-03-23,8
627,2023-11-03,FactoryD,DC3,CarrierZ,126.99,0.971,2023-11-10,2023-11-12,9
628,2022-04-24,FactoryC,DC5,CarrierY,126.67,0.433,2022-04-29,2022-05-04,10
629,2023-01-22,FactoryB,DC5,CarrierX,44.2,0.408,2023-02-02,2023-02-06,15
630,2023-09-20,FactoryC,DC1,CarrierX,14.31,0.093,2023-09-24,2023-10-01,11
631,2022-06-22,FactoryA,DC3,CarrierX,64.09,0.216,2022-07-10,2022-07-18,26
632,2023-02-05,FactoryA,DC4,CarrierX,12.36,0.092,2023-02-18,2023-02-21,16
633,2022-06-02,FactoryB,DC2,CarrierX,2.69,0.013,2022-06-18,2022-06-24,22
634,2022-04-11,FactoryD,DC2,CarrierY,193.84,0.869,2022-04-22,2022-04-27,16
635,2023-02-14,FactoryA,DC5,CarrierW,144.94,0.713,2023-02-18,2023-02-27,13
636,2023-12-22,FactoryC,DC3,CarrierX,60.3,0.454,2024-01-02,2024-01-10,19
637,2022-08-22,FactoryB,DC4,CarrierY,35.65,0.464,2022-09-08,2022-09-18,27
638,2023-08-17,FactoryA,DC4,CarrierW,74.99,0.269,2023-09-01,2023-09-04,18
639,2022-02-24,FactoryC,DC5,CarrierZ,87.39,1.198,2022-03-05,2022-03-10,14
640,2023-09-04,FactoryA,DC1,CarrierX,40.62,0.181,2023-09-08,2023-09-18,14
641,2023-07-29,FactoryA,DC1,CarrierZ,134.27,0.93,2023-08-13,2023-08-16,18
642,2023-02-24,FactoryB,DC3,CarrierZ,103.62,0.495,2023-03-08,2023-03-11,15
643,2023-12-29,FactoryD,DC3,CarrierW,23.87,0.096,2024-01-12,2024-01-17,19
644,2023-12-01,FactoryA,DC1,CarrierX,83.05,0.292,2023-12-17,2023-12-22,21
645,2022-01-19,FactoryB,DC4,CarrierX,93.04,0.454,2022-01-29,2022-02-04,16
646,2022-03-27,FactoryD,DC2,CarrierY,146.59,0.816,2022-04-12,2022-04-19,23
647,2022-06-02,FactoryD,DC1,CarrierY,17.56,0.165,2022-06-16,2022-06-25,23
648,2022-04-23,FactoryA,DC5,CarrierZ,37.05,0.191,2022-05-11,2022-05-19,26
649,2022-01-28,FactoryC,DC1,CarrierY,140.51,1.034,2022-02-07,2022-02-22,25
650,2022-08-17,FactoryD,DC4,CarrierX,117.43,0.518,2022-09-05,2022-09-12,26
651,2022-03-16,FactoryB,DC4,CarrierX,145.97,1.064,2022-04-02,2022-04-04,19
652,2023-07-22,FactoryA,DC1,CarrierY,131.35,1.267,2023-07-31,2023-08-06,15
653,2023-09-14,FactoryA,DC5,CarrierX,154.98,0.752,2023-09-25,2023-10-04,20
654,2022-12-30,FactoryC,DC2,CarrierY,57.26,1.055,2023-01-14,2023-01-24,25
655,2022-02-02,FactoryB,DC1,CarrierX,191.74,3.007,2022-02-16,2022-02-24,22
656,2023-10-28,FactoryD,DC2,CarrierY,139.34,0.614,2023-11-13,2023-11-18,21
657,2023-03-14,FactoryC,DC2,CarrierY,87.55,0.577,2023-03-28,2023-04-01,18
658,2022-05-31,FactoryA,DC4,CarrierW,144.75,0.672,2022-06-18,2022-06-22,22
659,2023-04-22,FactoryC,DC2,CarrierX,83.33,1.066,2023-05-03,2023-05-06,14
660,2022-06-28,FactoryA,DC4,CarrierX,161.53,2.263,2022-07-08,2022-07-15,17
661,2023-08-04,FactoryA,DC2,CarrierX,11.35,0.067,2023-08-11,2023-08-17,13
662,2023-10-01,FactoryB,DC1,CarrierW,52.38,0.547,2023-10-08,2023-10-11,10
663,2023-08-21,FactoryB,DC4,CarrierX,119.7,0.916,2023-08-25,2023-09-03,13
664,2022-09-06,FactoryA,DC5,CarrierY,184.81,0.8,2022-09-22,2022-09-24,18
665,2022-01-18,FactoryC,DC1,CarrierZ,171.23,0.7,2022-01-29,2022-02-06,19
666,2023-02-14,FactoryA,DC2,CarrierX,152.84,2.548,2023-02-23,2023-03-02,16
667,2023-11-17,FactoryD,DC3,CarrierZ,184.03,2.259,2023-11-30,2023-12-05,18
668,2023-02-18,FactoryC,DC2,CarrierX,174.35,1.358,2023-02-27,2023-03-06,16
669,2022-06-21,FactoryB,DC2,CarrierY,61.28,0.211,2022-07-04,2022-07-14,23
670,2023-07-19,FactoryC,DC3,CarrierY,97.24,1.244,2023-08-03,2023-08-08,20
671,2023-02-19,FactoryC,DC2,CarrierY,63.63,0.219,2023-03-04,2023-03-14,23
672,2022-07-08,FactoryC,DC2,CarrierX,28.8,0.323,2022-07-19,2022-07-22,14
673,2022-06-22,FactoryD,DC3,CarrierX,80.97,0.315,2022-07-02,2022-07-11,19
674,2022-02-14,FactoryD,DC1,CarrierX,115.98,1.458,2022-02-25,2022-03-05,19
675,2023-08-16,FactoryB,DC1,CarrierX,109.42,1.629,2023-08-22,2023-08-24,8
676,2023-10-11,FactoryB,DC2,CarrierX,163.21,0.665,2023-10-18,2023-10-26,15
677,2022-10-22,FactoryB,DC4,CarrierZ,20.27,0.314,2022-11-05,2022-11-15,24
678,2022-12-21,FactoryD,DC2,CarrierX,18.42,0.07,2022-12-31,2023-01-02,12
679,2022-03-24,FactoryB,DC3,CarrierX,52.39,0.199,2022-04-01,2022-04-09,16
680,2023-08-04,FactoryB,DC1,CarrierY,163.12,1.009,2023-08-19,2023-08-21,17
681,2022-05-08,FactoryC,DC3,CarrierX,65.12,0.491,2022-05-25,2022-05-28,20
682,2022-01-02,FactoryC,DC4,CarrierX,86.18,0.554,2022-01-11,2022-01-14,12
683,2022-12-05,FactoryA,DC3,CarrierX,100.29,0.472,2022-12-13,2022-12-19,14
684,2022-11-01,FactoryC,DC2,CarrierX,38.52,0.23,2022-11-15,2022-11-23,22
685,2022-07-25,FactoryB,DC4,CarrierW,106.42,0.579,2022-08-07,2022-08-15,21
686,2022-06-05,FactoryA,DC4,CarrierX,141.63,0.508,2022-06-14,2022-06-23,18
687,2022-08-19,FactoryB,DC3,CarrierX,188.7,1.13,2022-08-26,2022-09-04,16
688,2022-07-15,FactoryD,DC2,CarrierX,38.27,0.504,2022-07-25,2022-08-02,18
689,2023-10-29,FactoryA,DC4,CarrierZ,21.75,0.075,2023-11-11,2023-11-24,26
690,2023-12-31,FactoryB,DC1,CarrierZ,56.15,0.635,2024-01-12,2024-01-16,16
691,2023-02-05,FactoryD,DC5,CarrierZ,178.83,0.97,2023-02-18,2023-02-28,23
692,2023-03-15,FactoryD,DC1,CarrierZ,37.29,0.353,2023-04-02,2023-04-11,27
693,2023-07-06,FactoryB,DC3,CarrierY,105.26,1.013,2023-07-12,2023-07-18,12
694,2023-12-27,FactoryC,DC2,CarrierY,176.02,1.145,2024-01-07,2024-01-11,15
695,2023-01-16,FactoryC,DC5,CarrierX,61.13,0.205,2023-01-27,2023-02-05,20
696,2023-03-26,FactoryC,DC2,CarrierX,182.39,2.825,2023-04-08,2023-04-20,25
697,2022-07-16,FactoryA,DC5,CarrierX,27.97,0.095,2022-07-30,2022-08-07,22
698,2022-06-12,FactoryB,DC2,CarrierX,176.1,1.848,2022-06-23,2022-06-28,16
699,2023-06-18,FactoryB,DC1,CarrierX,11.99,0.042,2023-07-05,2023-07-19,31
700,2022-07-31,FactoryC,DC1,CarrierZ,190.68,1.086,2022-08-18,2022-08-21,21
701,2022-05-17,FactoryC,DC3,CarrierZ,157.98,0.821,2022-06-03,2022-06-07,21
702,2022-07-19,FactoryB,DC1,CarrierX,28.82,0.151,2022-07-29,2022-08-08,20
703,2023-07-07,FactoryC,DC2,CarrierX,10.46,0.208,2023-07-18,2023-07-24,17
704,2023-12-13,FactoryD,DC5,CarrierX,24.5,0.257,2023-12-25,2024-01-01,19
705,2023-11-29,FactoryC,DC3,CarrierZ,88.08,0.573,2023-12-08,2023-12-25,26
706,2023-08-19,FactoryA,DC2,CarrierW,67.11,0.282,2023-08-26,2023-09-02,14
707,2023-12-05,FactoryC,DC2,CarrierY,161.31,2.4,2023-12-22,2023-12-27,22
708,2023-05-25,FactoryD,DC4,CarrierY,57.4,0.323,2023-06-05,2023-06-08,14
709,2022-01-17,FactoryA,DC2,CarrierX,141.29,1.44,2022-02-05,2022-02-11,25
710,2023-11-02,FactoryB,DC1,CarrierY,25.21,0.101,2023-11-21,2023-11-23,21
711,2022-03-15,FactoryC,DC3,CarrierX,59.65,0.225,2022-03-23,2022-04-02,18
712,2022-04-02,FactoryC,DC2,CarrierY,23.34,0.193,2022-04-13,2022-04-19,17
713,2022-10-15,FactoryB,DC4,CarrierX,74.56,0.431,2022-10-30,2022-11-07,23
714,2022-08-24,FactoryD,DC3,CarrierZ,121.11,0.406,2022-09-06,2022-09-11,18
715,2022-07-19,FactoryD,DC2,CarrierX,94.13,1.092,2022-07-27,2022-08-06,18
716,2023-09-13,FactoryB,DC2,CarrierY,4.85,0.022,2023-09-22,2023-09-29,16
717,2023-04-13,FactoryD,DC5,CarrierY,134.1,0.647,2023-04-29,2023-05-05,22
718,2022-09-14,FactoryD,DC1,CarrierX,184.42,1.995,2022-09-22,2022-10-01,17
719,2023-06-22,FactoryC,DC2,CarrierX,17.64,0.114,2023-07-06,2023-07-16,24
720,2022-08-06,FactoryD,DC1,CarrierX,85.04,0.652,2022-08-22,2022-08-28,22
721,2023-11-22,FactoryD,DC5,CarrierX,177.04,1.285,2023-12-05,2023-12-14,22
722,2022-08-18,FactoryA,DC5,CarrierW,137.88,0.655,2022-08-28,2022-09-05,18
723,2023-07-29,FactoryD,DC2,CarrierY,132.13,1.533,2023-08-15,2023-08-18,20
724,2023-05-11,FactoryB,DC3,CarrierW,35.17,0.477,2023-05-24,2023-05-26,15
725,2022-02-27,FactoryC,DC1,CarrierZ,184.97,0.808,2022-03-04,2022-03-08,9
726,2023-09-14,FactoryD,DC5,CarrierX,73.98,0.892,2023-09-24,2023-10-02,18
727,2023-10-24,FactoryC,DC1,CarrierY,135.3,0.795,2023-11-04,2023-11-10,17
728,2022-08-13,FactoryC,DC1,CarrierX,22.12,0.199,2022-08-21,2022-08-28,15
729,2023-05-02,FactoryD,DC2,CarrierX,105.51,0.781,2023-05-09,2023-05-17,15
730,2023-01-29,FactoryA,DC3,CarrierY,137.16,0.659,2023-02-15,2023-02-23,25
731,2022-06-05,FactoryD,DC3,CarrierX,67.92,0.252,2022-06-14,2022-06-22,17
732,2022-01-25,FactoryA,DC2,CarrierX,34.15,0.195,2022-02-04,2022-02-06,12
733,2022-01-02,FactoryA,DC3,CarrierY,108.93,0.859,2022-01-13,2022-01-20,18
734,2022-01-17,FactoryB,DC1,CarrierZ,169.71,2.68,2022-01-28,2022-02-02,16
735,2023-12-24,FactoryC,DC1,CarrierW,168.09,0.649,2023-12-30,2024-01-05,12
736,2022-03-07,FactoryC,DC5,CarrierX,180.14,0.897,2022-03-18,2022-03-22,15
737,2023-06-25,FactoryA,DC4,CarrierZ,14.49,0.105,2023-07-09,2023-07-11,16
738,2022-11-23,FactoryA,DC5,CarrierX,199.63,0.851,2022-12-07,2022-12-10,17
739,2023-11-05,FactoryD,DC4,CarrierX,161.4,0.546,2023-11-14,2023-11-22,17
740,2022-07-24,FactoryC,DC4,CarrierX,112.35,0.492,2022-07-29,2022-08-08,15
741,2023-01-30,FactoryD,DC1,CarrierZ,38.13,0.165,2023-02-09,2023-02-11,12
742,2022-12-18,FactoryD,DC3,CarrierY,167.91,0.832,2022-12-30,2023-01-12,25
743,2023-05-05,FactoryA,DC3,CarrierZ,21.42,0.149,2023-05-17,2023-05-22,17
744,2023-01-18,FactoryC,DC4,CarrierX,161.38,1.517,2023-01-29,2023-02-06,19
745,2023-02-18,FactoryC,DC4,CarrierZ,140.85,1.411,2023-03-02,2023-03-06,16
746,2023-11-28,FactoryA,DC2,CarrierZ,81.57,0.314,2023-12-13,2023-12-22,24
747,2022-12-16,FactoryB,DC1,CarrierY,121.12,0.832,2022-12-28,2022-12-30,14
748,2023-06-24,FactoryC,DC1,CarrierW,128.0,1.102,2023-07-01,2023-07-09,15
749,2023-03-12,FactoryD,DC3,CarrierY,37.32,0.179,2023-03-23,2023-03-28,16
750,2022-12-15,FactoryD,DC4,CarrierW,5.75,0.02,2022-12-24,2022-12-29,14
751,2022-10-22,FactoryD,DC3,CarrierZ,123.47,1.45,2022-11-02,2022-11-06,15
752,2022-03-25,FactoryC,DC4,CarrierY,19.77,0.278,2022-04-12,2022-04-21,27
753,2022-04-12,FactoryD,DC2,CarrierZ,68.15,1.221,2022-04-19,2022-04-21,9
754,2023-12-21,FactoryD,DC5,CarrierX,110.89,0.449,2024-01-07,2024-01-11,21
755,2022-05-14,FactoryB,DC1,CarrierX,154.68,0.832,2022-05-20,2022-05-27,13
756,2022-12-27,FactoryA,DC3,CarrierX,65.73,0.36,2023-01-11,2023-01-20,24
757,2023-11-11,FactoryC,DC2,CarrierZ,118.21,0.433,2023-11-28,2023-12-06,25
758,2023-09-03,FactoryB,DC3,CarrierZ,125.05,0.906,2023-09-18,2023-09-20,17
759,2023-09-04,FactoryC,DC2,CarrierX,104.02,0.622,2023-09-09,2023-09-17,13
760,2023-03-05,FactoryB,DC2,CarrierX,12.86,0.056,2023-03-18,2023-03-28,23
761,2023-05-16,FactoryA,DC2,CarrierX,14.96,0.051,2023-05-23,2023-05-28,12
762,2023-04-15,FactoryB,DC2,CarrierZ,189.05,0.8,2023-04-29,2023-05-07,22
763,2022-05-02,FactoryD,DC2,CarrierZ,84.6,0.292,2022-05-12,2022-05-22,20
764,2022-01-21,FactoryA,DC5,CarrierY,185.53,1.336,2022-02-07,2022-02-11,21
765,2022-12-27,FactoryB,DC2,CarrierX,190.3,1.087,2023-01-11,2023-01-21,25
766,2022-11-07,FactoryC,DC3,CarrierY,38.58,0.291,2022-11-16,2022-11-19,12
767,2023-08-16,FactoryB,DC2,CarrierY,155.82,0.903,2023-08-31,2023-09-02,17
768,2022-02-13,FactoryB,DC3,CarrierX,16.75,0.127,2022-02-19,2022-02-24,11
769,2023-05-17,FactoryA,DC3,CarrierY,182.88,2.692,2023-06-02,2023-06-10,24
770,2022-04-30,FactoryC,DC4,CarrierX,96.12,0.337,2022-05-10,2022-05-14,14
771,2023-12-22,FactoryB,DC5,CarrierY,44.88,0.232,2024-01-05,2024-01-13,22
772,2023-04-27,FactoryC,DC2,CarrierX,38.47,0.344,2023-05-09,2023-05-18,21
773,2022-02-27,FactoryB,DC2,CarrierX,196.16,1.212,2022-03-16,2022-03-24,25
774,2023-10-02,FactoryB,DC4,CarrierX,107.59,0.812,2023-10-11,2023-10-13,11
775,2023-11-27,FactoryB,DC3,CarrierZ,28.55,0.114,2023-12-12,2023-12-15,18
776,2023-04-15,FactoryB,DC4,CarrierZ,82.35,0.564,2023-04-29,2023-05-09,24
777,2023-05-20,FactoryB,DC1,CarrierX,34.21,0.227,2023-06-05,2023-06-15,26
778,2022-01-20,FactoryD,DC1,CarrierX,146.87,0.507,2022-01-26,2022-02-06,17
779,2022-08-23,FactoryC,DC4,CarrierZ,151.99,0.942,2022-08-28,2022-08-31,8
780,2022-08-28,FactoryD,DC5,CarrierY,88.63,0.929,2022-09-12,2022-09-20,23
781,2022-05-01,FactoryA,DC3,CarrierY,50.55,0.216,2022-05-13,2022-05-19,18
782,2023-01-24,FactoryB,DC3,CarrierW,16.34,0.137,2023-02-04,2023-02-08,15
783,2023-08-17,FactoryB,DC3,CarrierZ,155.3,1.04,2023-08-28,2023-09-14,28
784,2023-04-18,FactoryA,DC4,CarrierX,137.83,0.793,2023-04-27,2023-05-06,18
785,2023-09-22,FactoryD,DC4,CarrierY,69.27,0.336,2023-09-30,2023-10-05,13
786,2023-11-18,FactoryC,DC5,CarrierY,145.87,0.519,2023-11-27,2023-12-03,15
787,2022-09-08,FactoryA,DC3,CarrierX,110.24,0.564,2022-09-13,2022-09-20,12
788,2023-07-19,FactoryD,DC5,CarrierZ,81.84,0.477,2023-08-01,2023-08-06,18
789,2023-06-03,FactoryC,DC3,CarrierW,48.62,0.212,2023-06-16,2023-06-25,22
790,2023-06-16,FactoryB,DC3,CarrierY,189.64,1.406,2023-06-29,2023-07-01,15
791,2022-08-02,FactoryC,DC5,CarrierZ,81.31,0.307,2022-08-10,2022-08-14,12
792,2022-05-26,FactoryD,DC3,CarrierZ,112.63,0.609,2022-06-10,2022-06-12,17
793,2023-08-09,FactoryB,DC3,CarrierX,14.69,0.08,2023-08-21,2023-08-23,14
794,2022-05-09,FactoryD,DC3,CarrierY,4.88,0.018,2022-05-15,2022-05-19,10
795,2022-10-23,FactoryB,DC2,CarrierX,23.42,0.116,2022-11-03,2022-11-09,17
796,2023-10-10,FactoryC,DC3,CarrierY,54.73,0.816,2023-10-15,2023-10-24,14
797,2022-08-17,FactoryC,DC4,CarrierZ,14.16,0.05,2022-09-01,2022-09-12,26
798,2022-08-15,FactoryB,DC4,CarrierX,156.43,0.745,2022-08-30,2022-09-04,20
799,2022-10-31,FactoryD,DC5,CarrierY,154.21,0.584,2022-11-09,2022-11-13,13
800,2023-02-23,FactoryA,DC3,CarrierX,183.61,1.852,2023-03-11,2023-03-15,20
801,2022-06-25,FactoryA,DC2,CarrierX,34.72,0.319,2022-06-29,2022-07-01,6
802,2022-08-08,FactoryB,DC4,CarrierX,154.3,0.576,2022-08-13,2022-08-16,8
803,2023-12-14,FactoryB,DC5,CarrierX,146.65,0.628,2023-12-23,2023-12-25,11
804,2023-11-20,FactoryB,DC1,CarrierX,84.46,0.354,2023-12-02,2023-12-13,23
805,2023-12-12,FactoryC,DC3,CarrierY,183.57,0.874,2023-12-25,2023-12-28,16
806,2023-03-03,FactoryD,DC3,CarrierX,19.34,0.098,2023-03-12,2023-03-19,16
807,2023-05-29,FactoryC,DC3,CarrierX,150.05,1.253,2023-06-10,2023-06-19,21
808,2023-05-30,FactoryC,DC3,CarrierZ,34.54,0.119,2023-06-14,2023-06-18,19
809,2023-09-18,FactoryD,DC5,CarrierX,144.17,0.581,2023-09-24,2023-10-04,16
810,2022-09-09,FactoryC,DC4,CarrierX,181.87,0.953,2022-09-15,2022-09-21,12
811,2023-03-10,FactoryB,DC5,CarrierY,180.12,2.098,2023-03-19,2023-03-23,13
812,2022-10-28,FactoryD,DC4,CarrierX,140.28,0.635,2022-11-01,2022-11-07,10
813,2022-03-08,FactoryD,DC4,CarrierY,98.94,0.574,2022-03-17,2022-03-26,18
814,2022-11-18,FactoryC,DC1,CarrierY,92.02,1.782,2022-12-02,2022-12-12,24
815,2023-08-02,FactoryA,DC4,CarrierX,71.08,0.594,2023-08-13,2023-08-23,21
816,2023-09-01,FactoryB,DC3,CarrierY,106.87,1.374,2023-09-06,2023-09-14,13
817,2022-12-06,FactoryC,DC3,CarrierX,40.01,0.192,2022-12-23,2022-12-28,22
818,2023-11-21,FactoryA,DC4,CarrierX,120.85,0.514,2023-12-07,2023-12-12,21
819,2023-09-18,FactoryA,DC4,CarrierY,36.52,0.202,2023-09-28,2023-10-06,18
820,2023-11-24,FactoryA,DC4,CarrierY,69.05,0.28,2023-12-10,2023-12-18,24
821,2022-12-01,FactoryC,DC2,CarrierX,12.48,0.078,2022-12-16,2022-12-26,25
822,2022-08-19,FactoryD,DC4,CarrierW,159.72,0.887,2022-08-28,2022-09-11,23
823,2023-08-16,FactoryD,DC5,CarrierZ,142.61,1.396,2023-08-31,2023-09-12,27
824,2023-12-20,FactoryB,DC3,CarrierX,133.86,0.97,2023-12-27,2024-01-06,17
825,2022-06-28,FactoryD,DC1,CarrierX,82.56,1.413,2022-07-06,2022-07-08,10
826,2022-01-19,FactoryC,DC4,CarrierX,8.09,0.075,2022-02-04,2022-02-14,26
827,2023-08-02,FactoryB,DC4,CarrierX,12.54,0.212,2023-08-14,2023-08-21,19
828,2023-10-27,FactoryD,DC4,CarrierX,4.67,0.084,2023-11-07,2023-11-12,16
829,2023-10-13,FactoryD,DC5,CarrierX,96.33,0.354,2023-10-21,2023-10-28,15
830,2023-03-24,FactoryB,DC2,CarrierY,155.61,0.652,2023-03-30,2023-04-09,16
831,2023-04-11,FactoryA,DC2,CarrierX,159.1,0.601,2023-04-17,2023-04-22,11
832,2022-12-30,FactoryB,DC5,CarrierX,3.3,0.02,2023-01-09,2023-01-17,18
833,2022-05-23,FactoryB,DC3,CarrierY,128.86,1.383,2022-06-01,2022-06-10,18
834,2022-09-18,FactoryC,DC5,CarrierX,39.46,0.541,2022-10-02,2022-10-10,22
835,2023-06-01,FactoryB,DC1,CarrierX,178.33,1.034,2023-06-12,2023-06-22,21
836,2022-08-31,FactoryC,DC3,CarrierX,179.58,1.0,2022-09-14,2022-09-17,17
837,2023-12-06,FactoryD,DC4,CarrierY,192.49,2.44,2023-12-15,2023-12-23,17
838,2022-09-02,FactoryD,DC4,CarrierX,130.8,0.584,2022-09-10,2022-09-18,16
839,2023-07-13,FactoryA,DC2,CarrierX,92.8,0.33,2023-07-21,2023-07-27,14
840,2023-05-18,FactoryA,DC4,CarrierX,75.31,0.378,2023-05-24,2023-05-26,8
841,2022-08-02,FactoryB,DC5,CarrierY,68.4,0.379,2022-08-09,2022-08-13,11
842,2022-11-22,FactoryC,DC3,CarrierX,131.58,0.547,2022-12-07,2022-12-12,20
843,2023-04-06,FactoryA,DC1,CarrierY,128.58,0.613,2023-04-15,2023-04-18,12
844,2022-08-30,FactoryB,DC3,CarrierX,52.58,0.602,2022-09-14,2022-09-17,18
845,2022-10-21,FactoryD,DC4,CarrierX,101.33,0.465,2022-11-05,2022-11-14,24
846,2023-05-08,FactoryA,DC1,CarrierY,154.58,1.837,2023-05-26,2023-05-30,22
847,2022-07-23,FactoryD,DC5,CarrierZ,137.84,1.294,2022-08-02,2022-08-10,18
848,2022-11-11,FactoryB,DC3,CarrierZ,7.93,0.029,2022-11-20,2022-11-23,12
849,2022-04-28,FactoryC,DC5,CarrierW,104.62,0.543,2022-05-08,2022-05-10,12
850,2022-12-19,FactoryC,DC5,CarrierX,67.87,1.118,2022-12-24,2022-12-27,8
851,2023-05-13,FactoryB,DC1,CarrierX,169.3,0.575,2023-05-30,2023-06-07,25
852,2022-06-06,FactoryC,DC5,CarrierW,162.67,1.333,2022-06-20,2022-06-22,16
853,2023-03-07,FactoryB,DC4,CarrierX,8.14,0.047,2023-03-11,2023-03-15,8
854,2022-02-19,FactoryB,DC2,CarrierY,70.81,0.764,2022-03-06,2022-03-16,25
855,2022-05-23,FactoryA,DC1,CarrierX,181.12,0.757,2022-06-08,2022-06-18,26
856,2023-05-02,FactoryC,DC4,CarrierX,149.45,1.66,2023-05-11,2023-05-20,18
857,2023-01-05,FactoryC,DC4,CarrierY,123.28,1.567,2023-01-17,2023-01-20,15
858,2022-03-05,FactoryB,DC2,CarrierZ,54.69,0.241,2022-03-16,2022-03-23,18
859,2022-05-10,FactoryB,DC1,CarrierY,163.53,0.734,2022-05-23,2022-05-26,16
860,2022-07-18,FactoryC,DC4,CarrierX,112.79,0.537,2022-07-26,2022-08-04,17
861,2022-07-02,FactoryB,DC3,CarrierX,183.72,0.712,2022-07-15,2022-07-23,21
862,2022-11-28,FactoryB,DC5,CarrierX,133.87,0.702,2022-12-06,2022-12-09,11
863,2023-12-09,FactoryD,DC3,CarrierZ,12.03,0.128,2023-12-19,2023-12-22,13
864,2023-01-10,FactoryC,DC1,CarrierX,115.39,2.13,2023-01-17,2023-01-23,13
865,2023-06-18,FactoryD,DC2,CarrierY,147.19,0.65,2023-07-02,2023-07-06,18
866,2023-06-06,FactoryB,DC1,CarrierZ,24.69,0.39,2023-06-24,2023-07-03,27
867,2022-05-08,FactoryC,DC1,CarrierY,84.09,0.362,2022-05-20,2022-05-27,19
868,2023-06-08,FactoryA,DC1,CarrierX,165.55,0.858,2023-06-13,2023-06-17,9
869,2022-09-18,FactoryC,DC1,CarrierX,175.44,0.946,2022-09-30,2022-10-09,21
870,2023-09-26,FactoryA,DC3,CarrierX,197.47,1.019,2023-10-11,2023-10-20,24
871,2022-07-10,FactoryA,DC3,CarrierX,85.29,0.323,2022-07-19,2022-07-29,19
872,2023-11-05,FactoryD,DC3,CarrierZ,174.15,0.806,2023-11-11,2023-11-20,15
873,2022-09-05,FactoryA,DC1,CarrierX,102.32,0.36,2022-09-19,2022-09-27,22
874,2023-07-24,FactoryA,DC3,CarrierZ,193.53,1.129,2023-08-05,2023-08-14,21
875,2022-01-14,FactoryB,DC4,CarrierX,65.93,0.54,2022-01-30,2022-02-02,19
876,2023-03-14,FactoryC,DC5,CarrierX,146.16,1.443,2023-03-30,2023-04-09,26
877,2022-03-09,FactoryC,DC2,CarrierX,111.17,0.686,2022-03-16,2022-03-26,17
878,2022-02-18,FactoryC,DC3,CarrierY,165.5,1.004,2022-02-28,2022-03-09,19
879,2023-11-21,FactoryA,DC5,CarrierY,197.4,0.768,2023-12-01,2023-12-04,13
880,2022-08-18,FactoryC,DC3,CarrierX,12.31,0.085,2022-08-28,2022-09-10,23
881,2023-09-27,FactoryC,DC3,CarrierX,131.79,0.684,2023-10-09,2023-10-12,15
882,2022-03-26,FactoryA,DC5,CarrierZ,51.68,0.253,2022-04-02,2022-04-06,11
883,2023-02-13,FactoryB,DC5,CarrierX,193.33,0.946,2023-03-01,2023-03-06,21
884,2023-06-23,FactoryD,DC5,CarrierX,54.79,0.278,2023-07-09,2023-07-17,24
885,2022-01-03,FactoryC,DC2,CarrierY,64.59,0.742,2022-01-09,2022-01-15,12
886,2023-08-07,FactoryA,DC5,CarrierY,129.94,1.053,2023-08-19,2023-08-26,19
887,2022-09-06,FactoryC,DC2,CarrierY,196.59,1.166,2022-09-10,2022-09-18,12
888,2022-04-21,FactoryD,DC1,CarrierW,153.66,0.566,2022-04-28,2022-05-02,11
889,2023-02-27,FactoryA,DC3,CarrierX,100.39,0.581,2023-03-12,2023-03-21,22
890,2023-12-13,FactoryA,DC5,CarrierY,44.75,0.16,2023-12-27,2023-12-29,16
891,2022-12-19,FactoryD,DC3,CarrierX,169.76,2.114,2023-01-01,2023-01-11,23
892,2022-08-21,FactoryC,DC2,CarrierZ,72.03,0.311,2022-08-25,2022-08-29,8
893,2022-04-09,FactoryD,DC1,CarrierX,152.45,3.0,2022-04-22,2022-04-27,18
894,2022-07-09,FactoryB,DC3,CarrierZ,107.05,0.511,2022-07-18,2022-08-01,23
895,2023-10-28,FactoryD,DC1,CarrierY,52.85,0.185,2023-11-15,2023-11-20,23
896,2022-10-14,FactoryD,DC5,CarrierX,127.31,0.43,2022-10-24,2022-10-27,13
897,2023-07-19,FactoryB,DC3,CarrierY,87.4,0.34,2023-08-02,2023-08-11,23
898,2022-02-28,FactoryA,DC3,CarrierW,93.26,0.882,2022-03-15,2022-03-22,22
899,2022-07-26,FactoryA,DC4,CarrierX,37.34,0.367,2022-08-04,2022-08-06,11
900,2022-04-16,FactoryB,DC5,CarrierZ,183.62,0.692,2022-05-01,2022-05-06,20
901,2023-08-15,FactoryD,DC2,CarrierW,14.41,0.106,2023-08-23,2023-08-30,15
902,2023-12-06,FactoryC,DC1,CarrierW,147.66,0.985,2023-12-19,2023-12-26,20
903,2022-01-15,FactoryC,DC5,CarrierY,10.84,0.06,2022-01-24,2022-02-01,17
904,2023-03-04,FactoryB,DC4,CarrierY,58.33,0.371,2023-03-20,2023-03-27,23
905,2023-05-08,FactoryD,DC2,CarrierW,45.6,0.188,2023-05-24,2023-06-02,25
906,2023-06-09,FactoryC,DC1,CarrierX,188.18,0.813,2023-06-19,2023-06-29,20
907,2022-04-28,FactoryC,DC2,CarrierZ,15.77,0.197,2022-05-17,2022-05-24,26
908,2022-04-27,FactoryB,DC2,CarrierY,137.28,1.122,2022-05-13,2022-05-18,21
909,2023-12-27,FactoryA,DC4,CarrierY,111.42,0.42,2024-01-05,2024-01-08,12
910,2022-04-15,FactoryB,DC2,CarrierZ,20.92,0.125,2022-04-30,2022-05-06,21
911,2022-09-29,FactoryC,DC2,CarrierZ,12.11,0.149,2022-10-13,2022-10-22,23
912,2023-12-24,FactoryA,DC2,CarrierW,106.6,0.971,2023-12-28,2023-12-31,7
913,2023-04-22,FactoryA,DC1,CarrierX,29.73,0.197,2023-05-05,2023-05-10,18
914,2022-11-12,FactoryA,DC3,CarrierW,98.8,0.335,2022-11-19,2022-11-25,13
915,2022-06-17,FactoryD,DC3,CarrierX,16.66,0.098,2022-06-25,2022-07-05,18
916,2023-09-20,FactoryA,DC2,CarrierX,137.4,0.557,2023-10-02,2023-10-09,19
917,2023-02-25,FactoryB,DC2,CarrierX,102.23,0.559,2023-03-08,2023-03-17,20
918,2023-05-19,FactoryB,DC1,CarrierX,196.07,0.859,2023-06-04,2023-06-11,23
919,2022-06-10,FactoryB,DC1,CarrierZ,133.19,0.753,2022-06-21,2022-07-04,24
920,2023-12-03,FactoryB,DC2,CarrierZ,79.56,0.582,2023-12-12,2023-12-18,15
921,2022-04-28,FactoryB,DC5,CarrierZ,95.62,0.333,2022-05-14,2022-05-17,19
922,2023-02-22,FactoryB,DC1,CarrierX,131.16,0.606,2023-03-03,2023-03-13,19
923,2023-06-10,FactoryD,DC1,CarrierW,53.6,0.438,2023-06-22,2023-06-29,19
924,2022-10-11,FactoryD,DC5,CarrierY,17.91,0.152,2022-10-18,2022-10-25,14
925,2023-01-19,FactoryC,DC1,CarrierZ,76.19,0.485,2023-01-31,2023-02-06,18
926,2022-02-28,FactoryC,DC1,CarrierZ,186.5,0.732,2022-03-13,2022-03-15,15
927,2022-12-16,FactoryA,DC1,CarrierY,59.54,0.745,2023-01-02,2023-01-04,19
928,2022-08-30,FactoryA,DC3,CarrierX,197.8,0.823,2022-09-07,2022-09-15,16
929,2023-12-29,FactoryA,DC4,CarrierX,44.72,0.682,2024-01-10,2024-01-19,21
930,2022-11-06,FactoryC,DC5,CarrierX,13.57,0.057,2022-11-15,2022-11-21,15
931,2022-12-08,FactoryC,DC3,CarrierY,47.38,0.365,2022-12-11,2022-12-20,12
932,2022-03-20,FactoryB,DC5,CarrierW,168.78,2.219,2022-04-02,2022-04-05,16
933,2023-04-26,FactoryA,DC4,CarrierY,179.47,2.249,2023-05-02,2023-05-09,13
934,2023-09-08,FactoryB,DC2,CarrierX,172.81,1.403,2023-09-13,2023-09-23,15
935,2022-10-24,FactoryB,DC1,CarrierW,119.65,1.915,2022-11-04,2022-11-14,21
936,2023-12-05,FactoryB,DC2,CarrierX,121.82,0.584,2023-12-12,2023-12-18,13
937,2023-04-02,FactoryC,DC1,CarrierX,134.89,0.465,2023-04-14,2023-04-18,16
938,2022-03-17,FactoryA,DC4,CarrierX,77.25,0.274,2022-03-30,2022-04-09,23
939,2022-08-17,FactoryC,DC2,CarrierW,71.64,0.253,2022-08-26,2022-09-01,15
940,2023-03-14,FactoryC,DC3,CarrierX,4.83,0.02,2023-03-19,2023-03-27,13
941,2023-03-22,FactoryB,DC3,CarrierY,71.33,1.151,2023-03-31,2023-04-03,12
942,2022-02-14,FactoryD,DC2,CarrierZ,197.34,1.205,2022-03-04,2022-03-13,27
943,2022-08-31,FactoryB,DC2,CarrierY,40.92,0.148,2022-09-12,2022-09-22,22
944,2022-04-22,FactoryC,DC3,CarrierZ,113.1,1.813,2022-05-04,2022-05-10,18
945,2023-07-18,FactoryD,DC1,CarrierY,8.81,0.038,2023-07-28,2023-08-01,14
946,2022-07-16,FactoryC,DC4,CarrierZ,27.73,0.484,2022-07-21,2022-07-27,11
947,2022-01-15,FactoryA,DC2,CarrierX,108.51,1.002,2022-01-30,2022-02-05,21
948,2023-01-01,FactoryD,DC1,CarrierZ,167.51,1.037,2023-01-16,2023-01-30,29
949,2023-02-05,FactoryA,DC3,CarrierY,169.63,0.966,2023-02-16,2023-02-25,20
950,2022-09-19,FactoryA,DC1,CarrierZ,25.14,0.135,2022-10-02,2022-10-11,22
951,2023-10-25,FactoryA,DC1,CarrierW,70.79,0.676,2023-11-02,2023-11-04,10
952,2022-02-03,FactoryD,DC2,CarrierX,35.4,0.238,2022-02-13,2022-02-22,19
953,2022-11-10,FactoryD,DC1,CarrierW,161.21,0.674,2022-11-23,2022-12-03,23
954,2022-11-11,FactoryD,DC3,CarrierX,57.7,0.209,2022-11-23,2022-11-30,19
955,2022-02-25,FactoryC,DC3,CarrierX,124.47,0.843,2022-03-10,2022-03-18,21
956,2023-11-06,FactoryB,DC3,CarrierX,24.45,0.253,2023-11-22,2023-11-24,18
957,2022-10-16,FactoryC,DC1,CarrierW,77.92,0.887,2022-11-02,2022-11-08,23
958,2022-03-29,FactoryC,DC3,CarrierY,14.1,0.139,2022-04-16,2022-04-19,21
959,2022-12-08,FactoryD,DC5,CarrierZ,18.3,0.075,2022-12-19,2022-12-28,20
960,2022-09-02,FactoryC,DC4,CarrierY,82.49,0.359,2022-09-08,2022-09-18,16
961,2022-10-22,FactoryC,DC2,CarrierX,147.89,0.922,2022-11-03,2022-11-09,18
962,2023-09-15,FactoryD,DC5,CarrierX,66.13,0.295,2023-09-30,2023-10-06,21
963,2023-01-04,FactoryB,DC1,CarrierY,81.88,0.316,2023-01-22,2023-01-25,21
964,2022-08-22,FactoryA,DC5,CarrierX,161.87,0.713,2022-09-03,2022-09-07,16
965,2023-02-12,FactoryB,DC2,CarrierY,178.66,1.374,2023-02-27,2023-03-02,18
966,2022-02-18,FactoryD,DC2,CarrierX,167.21,0.713,2022-02-23,2022-03-04,14
967,2023-11-06,FactoryB,DC4,CarrierX,14.72,0.055,2023-11-14,2023-11-18,12
968,2023-12-14,FactoryC,DC3,CarrierZ,70.9,1.062,2023-12-26,2024-01-10,27
969,2022-06-05,FactoryA,DC3,CarrierZ,132.9,0.619,2022-06-14,2022-06-25,20
970,2023-07-09,FactoryD,DC2,CarrierW,140.13,0.87,2023-07-15,2023-07-24,15
971,2023-07-24,FactoryD,DC2,CarrierX,47.09,0.273,2023-08-06,2023-08-16,23
972,2023-02-17,FactoryD,DC5,CarrierZ,137.75,0.522,2023-03-03,2023-03-11,22
973,2022-05-10,FactoryB,DC4,CarrierX,132.67,0.519,2022-05-23,2022-05-28,18
974,2022-02-22,FactoryD,DC5,CarrierX,23.87,0.087,2022-02-26,2022-02-28,6
975,2022-06-14,FactoryB,DC3,CarrierW,169.27,0.761,2022-06-29,2022-07-09,25
976,2022-08-21,FactoryB,DC2,CarrierX,175.18,1.364,2022-08-29,2022-09-01,11
977,2022-06-10,FactoryA,DC4,CarrierX,40.71,0.224,2022-06-22,2022-06-30,20
978,2022-11-27,FactoryC,DC1,CarrierZ,31.13,0.159,2022-12-03,2022-12-07,10
979,2022-08-27,FactoryA,DC3,CarrierX,186.02,2.809,2022-09-07,2022-09-13,17
980,2023-02-05,FactoryA,DC4,CarrierW,153.88,1.714,2023-02-14,2023-02-21,16
981,2023-06-26,FactoryD,DC5,CarrierY,18.55,0.127,2023-07-04,2023-07-14,18
982,2023-05-06,FactoryA,DC2,CarrierX,177.77,2.312,2023-05-10,2023-05-19,13
983,2022-04-03,FactoryD,DC2,CarrierW,134.72,1.867,2022-04-17,2022-05-01,28
984,2023-01-01,FactoryD,DC5,CarrierZ,139.86,1.079,2023-01-07,2023-01-18,17
985,2023-07-05,FactoryC,DC4,CarrierX,44.26,0.248,2023-07-10,2023-07-12,7
986,2022-02-27,FactoryA,DC1,CarrierX,9.58,0.149,2022-03-10,2022-03-16,17
987,2023-06-16,FactoryB,DC1,CarrierX,164.9,1.007,2023-06-28,2023-07-10,24
988,2023-04-07,FactoryA,DC4,CarrierZ,25.8,0.288,2023-04-20,2023-04-27,20
989,2023-10-04,FactoryD,DC5,CarrierZ,85.72,0.363,2023-10-13,2023-10-17,13
990,2023-06-02,FactoryC,DC3,CarrierW,50.83,0.175,2023-06-14,2023-06-21,19
991,2023-12-19,FactoryB,DC5,CarrierW,106.77,0.369,2023-12-27,2024-01-01,13
992,2023-12-24,FactoryA,DC2,CarrierW,133.21,0.753,2024-01-03,2024-01-10,17
993,2022-06-02,FactoryD,DC2,CarrierY,60.93,0.24,2022-06-11,2022-06-21,19
994,2022-08-05,FactoryA,DC4,CarrierY,62.71,0.224,2022-08-14,2022-08-21,16
995,2023-06-02,FactoryD,DC2,CarrierX,51.19,0.352,2023-06-13,2023-06-16,14
996,2023-02-24,FactoryB,DC2,CarrierX,74.48,0.677,2023-03-03,2023-03-10,14
997,2023-08-20,FactoryD,DC5,CarrierY,112.2,0.459,2023-08-27,2023-09-02,13
998,2023-07-22,FactoryA,DC4,CarrierX,65.58,0.587,2023-07-31,2023-08-02,11
999,2022-07-16,FactoryA,DC5,CarrierX,145.84,1.412,2022-07-23,2022-07-31,15
1000,2023-11-22,FactoryA,DC1,CarrierX,23.19,0.096,2023-11-27,2023-12-07,15
